statenum,casenum,vnumber,pnumber,arrhr,arrmin,arrtime,atmcond,atmcond2,city,county,accdate,accday,acchr,accmin,accmon,arf1,arf2,arf3,acctime,caseyear,dayofweek,driverdrowsy,hosphr,hospmin,hosptime,fhevent,funcsystem,holiday,landuse,heavytruck,latitude,latdeg,latmin,latsec,lightcond,longitude,londeg,lonmin,lonsec,manncol,milepnt,nhs,nothr,notmin,nottime,numfatal,nmforms,pforms,vforms,ownership,rxing,reljunc,reljuncinter,relrdwy,rtesign,schlbus,spejur,speeding,trafid1,trafid2,intersectiontype,conszone,age,alcres,alcsts,alctst,deathdate,dthday,dthhr,dthmin,dthmon,deathtime,dthyr,diedscene,drugres1,drugres2,drugres3,drugsts,drugtst1,drugtst2,drugtst3,injurwrk,hispanic,injury,methalc,methdrug,prf1,prf2,prf3,ptype,druginv,alcinvol,race,sex,lagtime,takehosp
39,2,1,1,88,88,8888,1,0,1800,49,1032016,3,2,35,1,0,0,0,235,2016,1,0,88,88,8888,43,1,1,2,0,39.97709722,39,58,37.55,3,-83.14895556,83,8,56.24,0,52,1,88,88,8888,1,0,1,1,1,0,1,0,4,1,0,0,0,I-70,.,1,0,38,230,2,1,1032016,3,2,55,1,255,2016,7,1,0,0,2,1,0,0,0,7,4,9,8,0,0,0,1,0,0,2,1,20,0
39,20,1,1,14,13,1413,1,0,1800,49,1012016,1,14,0,1,0,0,0,1400,2016,6,0,88,88,8888,30,5,1,2,0,39.90298889,39,54,10.76,1,-83.18291111,83,10,58.48,0,0,0,14,6,1406,1,0,1,1,2,0,1,0,4,4,0,0,0,CR-11 ALKIRE RD,.,1,0,55,130,2,1,1012016,1,14,18,1,1418,2016,7,600,996,0,2,1,3,0,0,7,4,1,1,0,0,0,1,0,1,1,1,18,0
39,24,1,1,17,35,1735,1,0,1800,49,1032016,3,17,20,1,0,0,0,1720,2016,1,0,17,51,1751,12,5,1,2,0,39.99486111,39,59,41.5,5,-82.9497,82,56,58.92,7,0,0,17,22,1722,1,0,7,3,2,0,1,0,1,4,0,0,1,CR-175 BRENTNELL AVE,.,1,0,51,270,2,1,1032016,3,18,2,1,1802,2016,0,402,996,0,2,1,3,0,0,7,4,9,8,0,0,0,1,1,1,2,1,42,5
39,24,2,1,17,35,1735,1,0,1800,49,1032016,3,17,20,1,0,0,0,1720,2016,1,0,17,51,1751,12,5,1,2,0,39.99486111,39,59,41.5,5,-82.9497,82,56,58.92,7,0,0,17,22,1722,1,0,7,3,2,0,1,0,1,4,0,0,1,CR-175 BRENTNELL AVE,.,1,0,20,996,0,0,88888888,88,88,88,88,8888,8888,0,0,0,0,0,0,0,0,8,0,1,9,8,0,0,0,1,0,0,0,1,99999,0
39,24,2,2,17,35,1735,1,0,1800,49,1032016,3,17,20,1,0,0,0,1720,2016,1,0,17,51,1751,12,5,1,2,0,39.99486111,39,59,41.5,5,-82.9497,82,56,58.92,7,0,0,17,22,1722,1,0,7,3,2,0,1,0,1,4,0,0,1,CR-175 BRENTNELL AVE,.,1,0,17,996,0,0,88888888,88,88,88,88,8888,8888,0,0,0,0,0,0,0,0,8,0,0,9,8,0,0,0,2,8,8,0,2,99999,0
39,24,2,3,17,35,1735,1,0,1800,49,1032016,3,17,20,1,0,0,0,1720,2016,1,0,17,51,1751,12,5,1,2,0,39.99486111,39,59,41.5,5,-82.9497,82,56,58.92,7,0,0,17,22,1722,1,0,7,3,2,0,1,0,1,4,0,0,1,CR-175 BRENTNELL AVE,.,1,0,2,996,0,0,88888888,88,88,88,88,8888,8888,0,0,0,0,0,0,0,0,8,0,0,9,8,0,0,0,2,8,8,0,2,99999,0
39,24,3,1,17,35,1735,1,0,1800,49,1032016,3,17,20,1,0,0,0,1720,2016,1,0,17,51,1751,12,5,1,2,0,39.99486111,39,59,41.5,5,-82.9497,82,56,58.92,7,0,0,17,22,1722,1,0,7,3,2,0,1,0,1,4,0,0,1,CR-175 BRENTNELL AVE,.,1,0,19,996,0,0,88888888,88,88,88,88,8888,8888,0,0,0,0,0,0,0,0,8,0,3,9,8,0,0,0,1,0,0,0,2,99999,5
39,24,3,2,17,35,1735,1,0,1800,49,1032016,3,17,20,1,0,0,0,1720,2016,1,0,17,51,1751,12,5,1,2,0,39.99486111,39,59,41.5,5,-82.9497,82,56,58.92,7,0,0,17,22,1722,1,0,7,3,2,0,1,0,1,4,0,0,1,CR-175 BRENTNELL AVE,.,1,0,18,996,0,0,88888888,88,88,88,88,8888,8888,0,0,0,0,0,0,0,0,8,0,3,9,8,0,0,0,2,0,0,0,1,99999,5
39,24,3,3,17,35,1735,1,0,1800,49,1032016,3,17,20,1,0,0,0,1720,2016,1,0,17,51,1751,12,5,1,2,0,39.99486111,39,59,41.5,5,-82.9497,82,56,58.92,7,0,0,17,22,1722,1,0,7,3,2,0,1,0,1,4,0,0,1,CR-175 BRENTNELL AVE,.,1,0,16,996,0,0,88888888,88,88,88,88,8888,8888,0,0,0,0,0,0,0,0,8,0,3,9,8,0,0,0,2,8,8,0,2,99999,5
39,33,1,1,19,28,1928,1,0,1800,49,1202016,20,19,2,1,0,0,0,1902,2016,4,0,19,30,1930,12,4,0,2,0,40.03744722,40,2,14.81,2,-83.03245556,83,1,56.84,6,0,0,19,14,1914,1,0,3,2,2,0,2,0,1,4,0,0,0,CR-9 OLENTANGY RIVER RD,MCCONNELL DR,2,0,46,996,0,0,88888888,88,88,88,88,8888,8888,0,0,0,0,0,0,0,0,8,0,1,9,8,0,0,0,1,0,0,0,1,99999,5
39,33,1,2,19,28,1928,1,0,1800,49,1202016,20,19,2,1,0,0,0,1902,2016,4,0,19,30,1930,12,4,0,2,0,40.03744722,40,2,14.81,2,-83.03245556,83,1,56.84,6,0,0,19,14,1914,1,0,3,2,2,0,2,0,1,4,0,0,0,CR-9 OLENTANGY RIVER RD,MCCONNELL DR,2,0,50,0,2,1,1202016,20,19,30,1,1930,2016,0,407,402,996,2,3,3,3,0,7,4,9,8,0,0,0,2,8,8,1,2,28,5
39,33,2,1,19,28,1928,1,0,1800,49,1202016,20,19,2,1,0,0,0,1902,2016,4,0,19,30,1930,12,4,0,2,0,40.03744722,40,2,14.81,2,-83.03245556,83,1,56.84,6,0,0,19,14,1914,1,0,3,2,2,0,2,0,1,4,0,0,0,CR-9 OLENTANGY RIVER RD,MCCONNELL DR,2,0,51,996,0,0,88888888,88,88,88,88,8888,8888,0,0,0,0,0,0,0,0,8,0,0,9,8,0,0,0,1,0,0,0,2,99999,0
39,49,0,1,18,20,1820,10,0,1800,49,1312016,31,18,17,1,0,0,0,1817,2016,1,0,19,56,1956,8,3,0,2,0,39.94478056,39,56,41.21,3,-82.87783056,82,52,40.19,0,0,0,18,19,1819,1,1,2,1,1,0,3,0,1,6,0,0,0,S HAMILTON RD,E LIVINGSTON AVE,2,0,40,250,2,1,2052016,5,12,28,2,1228,2016,0,348,177,0,2,1,1,0,0,7,4,9,8,0,0,0,5,0,0,1,1,11411,5
39,49,1,1,18,20,1820,10,0,1800,49,1312016,31,18,17,1,0,0,0,1817,2016,1,0,19,56,1956,8,3,0,2,0,39.94478056,39,56,41.21,3,-82.87783056,82,52,40.19,0,0,0,18,19,1819,1,1,2,1,1,0,3,0,1,6,0,0,0,S HAMILTON RD,E LIVINGSTON AVE,2,0,43,996,0,0,88888888,88,88,88,88,8888,8888,0,0,0,0,0,0,0,0,8,0,0,9,8,0,0,0,1,0,0,0,1,99999,0
39,49,1,2,18,20,1820,10,0,1800,49,1312016,31,18,17,1,0,0,0,1817,2016,1,0,19,56,1956,8,3,0,2,0,39.94478056,39,56,41.21,3,-82.87783056,82,52,40.19,0,0,0,18,19,1819,1,1,2,1,1,0,3,0,1,6,0,0,0,S HAMILTON RD,E LIVINGSTON AVE,2,0,43,996,0,0,88888888,88,88,88,88,8888,8888,0,0,0,0,0,0,0,0,8,0,0,9,8,0,0,0,2,8,8,0,1,99999,0
39,53,1,1,22,11,2211,2,0,0,49,2022016,2,22,7,2,0,0,0,2207,2016,3,0,22,41,2241,12,3,0,2,0,39.83046944,39,49,49.69,2,-83.05271944,83,3,9.79,6,107,0,22,5,2205,1,0,2,2,1,0,1,0,1,3,0,0,0,SR-665,.,1,0,22,0,2,1,2022016,2,22,57,2,2257,2016,0,1,0,0,2,1,0,0,0,6,4,1,8,0,0,0,1,0,0,98,2,50,5
39,53,2,1,22,11,2211,2,0,0,49,2022016,2,22,7,2,0,0,0,2207,2016,3,0,22,41,2241,12,3,0,2,0,39.83046944,39,49,49.69,2,-83.05271944,83,3,9.79,6,107,0,22,5,2205,1,0,2,2,1,0,1,0,1,3,0,0,0,SR-665,.,1,0,35,0,2,1,88888888,88,88,88,88,8888,8888,0,1,0,0,2,1,0,0,8,0,1,1,8,0,0,0,1,0,0,0,1,99999,5
39,63,0,1,6,29,629,1,0,1800,49,2202016,20,6,19,2,0,0,0,619,2016,7,0,88,88,8888,8,7,0,2,0,40.01226111,40,0,44.14,3,-83.14034444,83,8,25.24,0,0,0,6,19,619,1,1,1,1,4,0,1,0,1,6,0,0,0,WALCUTT RD,.,1,0,21,230,2,1,2202016,20,6,32,2,632,2016,7,605,996,0,2,1,3,0,0,7,4,9,8,0,0,0,5,0,0,1,1,13,0
39,63,1,1,6,29,629,1,0,1800,49,2202016,20,6,19,2,0,0,0,619,2016,7,0,88,88,8888,8,7,0,2,0,40.01226111,40,0,44.14,3,-83.14034444,83,8,25.24,0,0,0,6,19,619,1,1,1,1,4,0,1,0,1,6,0,0,0,WALCUTT RD,.,1,0,51,996,0,0,88888888,88,88,88,88,8888,8888,0,0,0,0,0,0,0,0,8,0,0,9,8,0,0,0,1,0,0,0,1,99999,0
39,69,1,1,20,2,2002,1,0,1800,49,1302016,30,19,43,1,0,0,0,1943,2016,7,0,20,20,2020,12,4,0,2,0,39.95034722,39,57,1.25,3,-82.91538056,82,54,55.37,2,0,0,19,50,1950,1,0,9,3,2,0,1,0,1,4,0,0,0,CR-177 JAMES RD,.,1,0,19,0,2,1,1302016,30,19,58,1,1958,2016,7,600,996,0,2,1,3,0,0,7,4,9,8,0,0,0,1,0,0,2,1,15,0
39,69,1,2,20,2,2002,1,0,1800,49,1302016,30,19,43,1,0,0,0,1943,2016,7,0,20,20,2020,12,4,0,2,0,39.95034722,39,57,1.25,3,-82.91538056,82,54,55.37,2,0,0,19,50,1950,1,0,9,3,2,0,1,0,1,4,0,0,0,CR-177 JAMES RD,.,1,0,17,996,0,0,88888888,88,88,88,88,8888,8888,0,0,0,0,0,0,0,0,8,0,3,9,8,0,0,0,2,8,8,0,1,99999,5
39,69,1,3,20,2,2002,1,0,1800,49,1302016,30,19,43,1,0,0,0,1943,2016,7,0,20,20,2020,12,4,0,2,0,39.95034722,39,57,1.25,3,-82.91538056,82,54,55.37,2,0,0,19,50,1950,1,0,9,3,2,0,1,0,1,4,0,0,0,CR-177 JAMES RD,.,1,0,17,996,0,0,88888888,88,88,88,88,8888,8888,0,0,0,0,0,0,0,0,8,0,2,9,8,0,0,0,2,8,8,0,1,99999,5
39,69,1,4,20,2,2002,1,0,1800,49,1302016,30,19,43,1,0,0,0,1943,2016,7,0,20,20,2020,12,4,0,2,0,39.95034722,39,57,1.25,3,-82.91538056,82,54,55.37,2,0,0,19,50,1950,1,0,9,3,2,0,1,0,1,4,0,0,0,CR-177 JAMES RD,.,1,0,16,996,0,0,88888888,88,88,88,88,8888,8888,0,0,0,0,0,0,0,0,8,0,3,9,8,0,0,0,2,8,8,0,1,99999,5
39,69,2,1,20,2,2002,1,0,1800,49,1302016,30,19,43,1,0,0,0,1943,2016,7,0,20,20,2020,12,4,0,2,0,39.95034722,39,57,1.25,3,-82.91538056,82,54,55.37,2,0,0,19,50,1950,1,0,9,3,2,0,1,0,1,4,0,0,0,CR-177 JAMES RD,.,1,0,26,996,0,0,88888888,88,88,88,88,8888,8888,0,0,0,0,0,0,0,0,8,0,2,9,8,0,0,0,1,0,0,0,1,99999,5
39,69,2,2,20,2,2002,1,0,1800,49,1302016,30,19,43,1,0,0,0,1943,2016,7,0,20,20,2020,12,4,0,2,0,39.95034722,39,57,1.25,3,-82.91538056,82,54,55.37,2,0,0,19,50,1950,1,0,9,3,2,0,1,0,1,4,0,0,0,CR-177 JAMES RD,.,1,0,25,996,0,0,88888888,88,88,88,88,8888,8888,0,0,0,0,0,0,0,0,8,0,2,9,8,0,0,0,2,8,8,0,2,99999,5
39,69,2,3,20,2,2002,1,0,1800,49,1302016,30,19,43,1,0,0,0,1943,2016,7,0,20,20,2020,12,4,0,2,0,39.95034722,39,57,1.25,3,-82.91538056,82,54,55.37,2,0,0,19,50,1950,1,0,9,3,2,0,1,0,1,4,0,0,0,CR-177 JAMES RD,.,1,0,0,996,0,0,88888888,88,88,88,88,8888,8888,0,0,0,0,0,0,0,0,8,0,2,9,8,0,0,0,2,8,8,0,2,99999,5
39,69,2,4,20,2,2002,1,0,1800,49,1302016,30,19,43,1,0,0,0,1943,2016,7,0,20,20,2020,12,4,0,2,0,39.95034722,39,57,1.25,3,-82.91538056,82,54,55.37,2,0,0,19,50,1950,1,0,9,3,2,0,1,0,1,4,0,0,0,CR-177 JAMES RD,.,1,0,1,996,0,0,88888888,88,88,88,88,8888,8888,0,0,0,0,0,0,0,0,8,0,2,9,8,0,0,0,2,8,8,0,1,99999,5
39,69,3,1,20,2,2002,1,0,1800,49,1302016,30,19,43,1,0,0,0,1943,2016,7,0,20,20,2020,12,4,0,2,0,39.95034722,39,57,1.25,3,-82.91538056,82,54,55.37,2,0,0,19,50,1950,1,0,9,3,2,0,1,0,1,4,0,0,0,CR-177 JAMES RD,.,1,0,18,996,0,0,88888888,88,88,88,88,8888,8888,0,0,0,0,0,0,0,0,8,0,0,9,8,0,0,0,1,0,0,0,1,99999,0
39,76,1,1,18,51,1851,10,0,8730,49,2192016,19,18,39,2,0,0,0,1839,2016,6,0,19,50,1950,33,4,0,2,0,40.09853889,40,5,54.74,3,-82.88915556,82,53,20.96,0,0,0,18,41,1841,1,0,1,1,4,0,1,0,4,6,0,0,0,SUNBURY RD,.,1,0,59,0,2,1,2192016,19,19,29,2,1929,2016,0,605,0,0,2,1,0,0,0,7,4,9,8,0,0,0,1,8,8,1,1,50,5
39,79,1,1,11,18,1118,10,0,1800,49,3022016,2,11,13,3,0,0,0,1113,2016,4,0,12,26,1226,20,1,0,2,1,39.97685,39,58,36.66,1,-83.119225,83,7,9.21,0,87,1,11,14,1114,1,0,2,2,1,0,1,0,4,1,0,0,0,I-270,.,1,4,37,996,0,0,88888888,88,88,88,88,8888,8888,0,0,0,0,0,0,0,0,8,0,0,9,8,0,0,0,1,0,0,0,1,99999,0
39,79,2,1,11,18,1118,10,0,1800,49,3022016,2,11,13,3,0,0,0,1113,2016,4,0,12,26,1226,20,1,0,2,1,39.97685,39,58,36.66,1,-83.119225,83,7,9.21,0,87,1,11,14,1114,1,0,2,2,1,0,1,0,4,1,0,0,0,I-270,.,1,4,34,0,2,1,3032016,3,13,2,3,1302,2016,0,996,996,0,2,3,3,0,0,7,4,9,8,0,0,0,1,0,0,1,2,2549,5
39,89,1,1,11,29,1129,10,0,0,49,2162016,16,11,20,2,0,0,0,1120,2016,3,0,12,16,1216,1,5,0,1,0,39.9044,39,54,15.84,1,-83.20984444,83,12,35.44,0,0,0,11,23,1123,1,0,3,1,2,0,1,0,4,4,0,0,1,CR-140,.,1,0,16,0,2,1,88888888,88,88,88,88,8888,8888,0,1,0,0,2,1,0,0,8,0,2,9,8,0,0,0,1,0,0,0,1,99999,5
39,89,1,2,11,29,1129,10,0,0,49,2162016,16,11,20,2,0,0,0,1120,2016,3,0,12,16,1216,1,5,0,1,0,39.9044,39,54,15.84,1,-83.20984444,83,12,35.44,0,0,0,11,23,1123,1,0,3,1,2,0,1,0,4,4,0,0,1,CR-140,.,1,0,14,0,2,1,2162016,16,11,40,2,1140,2016,7,1,0,0,2,2,0,0,0,7,4,9,8,0,0,0,2,8,8,2,1,20,0
39,89,1,3,11,29,1129,10,0,0,49,2162016,16,11,20,2,0,0,0,1120,2016,3,0,12,16,1216,1,5,0,1,0,39.9044,39,54,15.84,1,-83.20984444,83,12,35.44,0,0,0,11,23,1123,1,0,3,1,2,0,1,0,4,4,0,0,1,CR-140,.,1,0,13,996,0,0,88888888,88,88,88,88,8888,8888,0,0,0,0,0,0,0,0,8,0,2,9,8,0,0,0,2,8,8,0,1,99999,5
39,109,1,1,22,40,2240,1,0,2270,49,2052016,5,22,34,2,0,0,0,2234,2016,6,0,88,88,8888,43,3,0,2,0,40.07770278,40,4,39.73,2,-83.15783056,83,9,28.19,0,0,0,22,35,2235,1,0,1,1,4,0,1,0,4,6,0,0,0,AVERY RD,.,1,0,36,0,2,1,2182016,18,14,28,2,1428,2016,0,1,0,0,2,3,0,0,0,7,4,9,8,0,0,0,1,0,1,2,1,30354,6
39,112,1,1,9,32,932,10,0,1800,49,3112016,11,9,27,3,0,0,0,927,2016,6,0,10,11,1011,12,1,0,2,1,39.95184722,39,57,6.65,1,-83.01231389,83,0,44.33,7,132,1,9,31,931,1,0,3,3,1,0,1,0,1,1,0,0,0,I-70,.,1,0,48,0,2,1,3112016,11,12,48,3,1248,2016,0,1,0,0,2,1,0,0,0,7,4,9,8,0,0,0,1,0,0,1,1,321,5
39,112,2,1,9,32,932,10,0,1800,49,3112016,11,9,27,3,0,0,0,927,2016,6,0,10,11,1011,12,1,0,2,1,39.95184722,39,57,6.65,1,-83.01231389,83,0,44.33,7,132,1,9,31,931,1,0,3,3,1,0,1,0,1,1,0,0,0,I-70,.,1,0,22,996,0,0,88888888,88,88,88,88,8888,8888,0,0,0,0,0,0,0,0,8,0,0,9,8,0,0,0,1,0,0,0,2,99999,0
39,112,3,1,9,32,932,10,0,1800,49,3112016,11,9,27,3,0,0,0,927,2016,6,0,10,11,1011,12,1,0,2,1,39.95184722,39,57,6.65,1,-83.01231389,83,0,44.33,7,132,1,9,31,931,1,0,3,3,1,0,1,0,1,1,0,0,0,I-70,.,1,0,57,996,0,0,88888888,88,88,88,88,8888,8888,0,0,0,0,0,0,0,0,8,0,0,9,8,0,0,0,1,0,0,0,1,99999,0
39,118,0,1,23,50,2350,10,0,0,49,3122016,12,23,41,3,0,0,0,2341,2016,7,0,88,88,8888,9,3,0,2,0,39.93760278,39,56,15.37,2,-83.04203889,83,2,31.34,0,111,1,23,42,2342,1,1,8,3,1,0,1,0,1,2,0,0,0,US-62,TR-1139 RANSBURG AVE,1,0,15,0,2,1,3122016,12,23,47,3,2347,2016,7,996,0,0,2,3,0,0,0,7,4,8,7,82,0,0,6,0,0,1,1,6,0
39,118,1,1,23,50,2350,10,0,0,49,3122016,12,23,41,3,0,0,0,2341,2016,7,0,88,88,8888,9,3,0,2,0,39.93760278,39,56,15.37,2,-83.04203889,83,2,31.34,0,111,1,23,42,2342,1,1,8,3,1,0,1,0,1,2,0,0,0,US-62,TR-1139 RANSBURG AVE,1,0,18,996,0,0,88888888,88,88,88,88,8888,8888,0,0,0,0,0,0,0,0,8,0,0,9,8,0,0,0,1,8,8,0,1,99999,0
39,118,1,2,23,50,2350,10,0,0,49,3122016,12,23,41,3,0,0,0,2341,2016,7,0,88,88,8888,9,3,0,2,0,39.93760278,39,56,15.37,2,-83.04203889,83,2,31.34,0,111,1,23,42,2342,1,1,8,3,1,0,1,0,1,2,0,0,0,US-62,TR-1139 RANSBURG AVE,1,0,18,996,0,0,88888888,88,88,88,88,8888,8888,0,0,0,0,0,0,0,0,8,0,0,9,8,0,0,0,2,8,8,0,1,99999,0
39,118,1,3,23,50,2350,10,0,0,49,3122016,12,23,41,3,0,0,0,2341,2016,7,0,88,88,8888,9,3,0,2,0,39.93760278,39,56,15.37,2,-83.04203889,83,2,31.34,0,111,1,23,42,2342,1,1,8,3,1,0,1,0,1,2,0,0,0,US-62,TR-1139 RANSBURG AVE,1,0,16,996,0,0,88888888,88,88,88,88,8888,8888,0,0,0,0,0,0,0,0,8,0,0,9,8,0,0,0,2,8,8,0,2,99999,0
39,118,1,4,23,50,2350,10,0,0,49,3122016,12,23,41,3,0,0,0,2341,2016,7,0,88,88,8888,9,3,0,2,0,39.93760278,39,56,15.37,2,-83.04203889,83,2,31.34,0,111,1,23,42,2342,1,1,8,3,1,0,1,0,1,2,0,0,0,US-62,TR-1139 RANSBURG AVE,1,0,17,996,0,0,88888888,88,88,88,88,8888,8888,0,0,0,0,0,0,0,0,8,0,0,9,8,0,0,0,2,8,8,0,2,99999,0
39,118,1,5,23,50,2350,10,0,0,49,3122016,12,23,41,3,0,0,0,2341,2016,7,0,88,88,8888,9,3,0,2,0,39.93760278,39,56,15.37,2,-83.04203889,83,2,31.34,0,111,1,23,42,2342,1,1,8,3,1,0,1,0,1,2,0,0,0,US-62,TR-1139 RANSBURG AVE,1,0,16,996,0,0,88888888,88,88,88,88,8888,8888,0,0,0,0,0,0,0,0,8,0,0,9,8,0,0,0,2,8,8,0,2,99999,0
39,118,1,6,23,50,2350,10,0,0,49,3122016,12,23,41,3,0,0,0,2341,2016,7,0,88,88,8888,9,3,0,2,0,39.93760278,39,56,15.37,2,-83.04203889,83,2,31.34,0,111,1,23,42,2342,1,1,8,3,1,0,1,0,1,2,0,0,0,US-62,TR-1139 RANSBURG AVE,1,0,999,996,0,0,88888888,88,88,88,88,8888,8888,0,0,0,0,0,0,0,0,8,0,0,9,8,0,0,0,2,8,8,0,1,99999,0
39,118,2,1,23,50,2350,10,0,0,49,3122016,12,23,41,3,0,0,0,2341,2016,7,0,88,88,8888,9,3,0,2,0,39.93760278,39,56,15.37,2,-83.04203889,83,2,31.34,0,111,1,23,42,2342,1,1,8,3,1,0,1,0,1,2,0,0,0,US-62,TR-1139 RANSBURG AVE,1,0,19,0,2,1,88888888,88,88,88,88,8888,8888,0,1,0,0,2,1,0,0,8,0,0,9,8,0,0,0,1,0,0,0,1,99999,0
39,118,3,1,23,50,2350,10,0,0,49,3122016,12,23,41,3,0,0,0,2341,2016,7,0,88,88,8888,9,3,0,2,0,39.93760278,39,56,15.37,2,-83.04203889,83,2,31.34,0,111,1,23,42,2342,1,1,8,3,1,0,1,0,1,2,0,0,0,US-62,TR-1139 RANSBURG AVE,1,0,33,0,2,1,88888888,88,88,88,88,8888,8888,0,1,0,0,2,1,0,0,8,0,0,9,8,0,0,0,1,0,0,0,2,99999,0
39,121,1,1,4,57,457,1,0,0,49,3072016,7,2,30,3,0,0,0,230,2016,2,0,88,88,8888,30,4,0,2,0,39.88888889,39,53,20,2,-82.91688611,82,55,0.79,0,0,0,4,52,452,1,0,1,1,2,0,1,0,4,6,0,0,0,WILLIAMS RD,.,1,0,22,150,2,1,3072016,7,5,3,3,503,2016,7,605,0,0,2,1,0,0,0,7,4,1,8,0,0,0,1,0,0,1,1,233,0
39,124,1,1,6,51,651,10,0,0,49,3162016,16,6,40,3,0,0,0,640,2016,4,0,7,13,713,12,3,0,2,0,40.08143889,40,4,53.18,4,-82.91844167,82,55,6.39,6,151,1,6,44,644,1,0,3,3,1,0,7,0,1,3,0,0,0,SR-161,.,1,0,67,0,2,1,3162016,16,6,55,3,655,2016,7,996,0,0,2,3,0,0,0,7,4,9,8,0,0,0,1,0,0,1,1,15,0
39,124,2,1,6,51,651,10,0,0,49,3162016,16,6,40,3,0,0,0,640,2016,4,0,7,13,713,12,3,0,2,0,40.08143889,40,4,53.18,4,-82.91844167,82,55,6.39,6,151,1,6,44,644,1,0,3,3,1,0,7,0,1,3,0,0,0,SR-161,.,1,0,43,996,0,0,88888888,88,88,88,88,8888,8888,0,0,0,0,0,0,0,0,8,0,3,9,8,0,0,0,1,0,0,0,1,99999,5
39,124,3,1,6,51,651,10,0,0,49,3162016,16,6,40,3,0,0,0,640,2016,4,0,7,13,713,12,3,0,2,0,40.08143889,40,4,53.18,4,-82.91844167,82,55,6.39,6,151,1,6,44,644,1,0,3,3,1,0,7,0,1,3,0,0,0,SR-161,.,1,0,46,996,0,0,88888888,88,88,88,88,8888,8888,0,0,0,0,0,0,0,0,8,0,0,9,8,0,0,0,1,0,0,0,1,99999,0
39,132,0,1,19,5,1905,1,0,1800,49,3182016,18,18,59,3,15,0,0,1859,2016,6,0,19,18,1918,12,5,0,2,0,39.9458,39,56,44.88,1,-83.0613,83,3,40.68,1,0,0,19,0,1900,1,1,3,2,4,0,1,0,1,6,0,0,0,SULLIVANT AVE,.,1,0,15,996,0,0,88888888,88,88,88,88,8888,8888,0,0,0,0,0,0,0,0,8,0,0,9,8,0,0,0,5,0,0,0,2,99999,0
39,132,1,1,19,5,1905,1,0,1800,49,3182016,18,18,59,3,15,0,0,1859,2016,6,0,19,18,1918,12,5,0,2,0,39.9458,39,56,44.88,1,-83.0613,83,3,40.68,1,0,0,19,0,1900,1,1,3,2,4,0,1,0,1,6,0,0,0,SULLIVANT AVE,.,1,0,42,0,2,1,3182016,18,20,51,3,2051,2016,0,308,189,300,2,1,1,1,0,7,4,9,8,0,0,0,1,0,0,1,2,152,5
39,132,2,1,19,5,1905,1,0,1800,49,3182016,18,18,59,3,15,0,0,1859,2016,6,0,19,18,1918,12,5,0,2,0,39.9458,39,56,44.88,1,-83.0613,83,3,40.68,1,0,0,19,0,1900,1,1,3,2,4,0,1,0,1,6,0,0,0,SULLIVANT AVE,.,1,0,47,996,0,0,88888888,88,88,88,88,8888,8888,0,0,0,0,0,0,0,0,8,0,1,9,8,0,0,0,1,0,0,0,1,99999,5
39,132,2,2,19,5,1905,1,0,1800,49,3182016,18,18,59,3,15,0,0,1859,2016,6,0,19,18,1918,12,5,0,2,0,39.9458,39,56,44.88,1,-83.0613,83,3,40.68,1,0,0,19,0,1900,1,1,3,2,4,0,1,0,1,6,0,0,0,SULLIVANT AVE,.,1,0,39,996,0,0,88888888,88,88,88,88,8888,8888,0,0,0,0,0,0,0,0,8,0,1,9,8,0,0,0,2,8,8,0,1,99999,5
39,139,0,1,19,21,1921,2,0,1800,49,3102016,10,19,15,3,0,0,0,1915,2016,5,0,19,46,1946,8,4,0,2,0,39.946175,39,56,46.23,3,-82.90215833,82,54,7.77,0,0,0,19,18,1918,1,1,1,1,2,0,1,0,1,4,0,0,0,CR-15 LIVINGSTON AVE,CUNARD RD,1,0,65,996,0,0,3232016,23,19,0,3,1900,2016,0,0,0,0,0,0,0,0,0,7,4,9,8,0,0,0,5,0,0,1,1,31145,5
39,139,1,1,19,21,1921,2,0,1800,49,3102016,10,19,15,3,0,0,0,1915,2016,5,0,19,46,1946,8,4,0,2,0,39.946175,39,56,46.23,3,-82.90215833,82,54,7.77,0,0,0,19,18,1918,1,1,1,1,2,0,1,0,1,4,0,0,0,CR-15 LIVINGSTON AVE,CUNARD RD,1,0,26,996,0,0,88888888,88,88,88,88,8888,8888,0,0,0,0,0,0,0,0,8,0,0,9,8,0,0,0,1,0,0,0,1,99999,0
39,146,0,1,0,53,53,1,0,1800,49,2202016,20,0,42,2,0,0,0,42,2016,7,0,1,10,110,8,3,0,2,0,39.93146111,39,55,53.26,3,-82.99586111,82,59,45.1,0,0,0,0,48,48,1,1,1,1,1,0,1,0,1,6,0,0,0,S HIGH ST,.,1,0,59,250,2,1,2202016,20,1,19,2,119,2016,0,605,0,0,2,1,0,0,0,7,4,9,8,0,0,0,5,0,1,1,1,37,5
39,146,1,1,0,53,53,1,0,1800,49,2202016,20,0,42,2,0,0,0,42,2016,7,0,1,10,110,8,3,0,2,0,39.93146111,39,55,53.26,3,-82.99586111,82,59,45.1,0,0,0,0,48,48,1,1,1,1,1,0,1,0,1,6,0,0,0,S HIGH ST,.,1,0,68,996,0,0,88888888,88,88,88,88,8888,8888,0,0,0,0,0,0,0,0,8,0,0,9,8,0,0,0,1,0,0,0,1,99999,0
39,155,1,1,21,47,2147,1,0,1800,49,3172016,17,21,36,3,0,0,0,2136,2016,5,0,22,32,2232,12,3,0,2,0,40.05853889,40,3,30.74,3,-82.93175,82,55,54.3,8,0,0,21,43,2143,1,0,5,4,4,0,1,0,1,6,0,0,1,MORSE RD,.,1,0,34,120,2,1,3172016,17,22,28,3,2228,2016,0,1,0,0,2,3,0,0,0,7,4,9,8,0,0,0,1,1,1,2,1,52,5
39,155,2,1,21,47,2147,1,0,1800,49,3172016,17,21,36,3,0,0,0,2136,2016,5,0,22,32,2232,12,3,0,2,0,40.05853889,40,3,30.74,3,-82.93175,82,55,54.3,8,0,0,21,43,2143,1,0,5,4,4,0,1,0,1,6,0,0,1,MORSE RD,.,1,0,36,996,0,0,88888888,88,88,88,88,8888,8888,0,0,0,0,0,0,0,0,8,0,2,9,8,0,0,0,1,0,0,0,2,99999,5
39,155,2,2,21,47,2147,1,0,1800,49,3172016,17,21,36,3,0,0,0,2136,2016,5,0,22,32,2232,12,3,0,2,0,40.05853889,40,3,30.74,3,-82.93175,82,55,54.3,8,0,0,21,43,2143,1,0,5,4,4,0,1,0,1,6,0,0,1,MORSE RD,.,1,0,0,996,0,0,88888888,88,88,88,88,8888,8888,0,0,0,0,0,0,0,0,8,0,1,9,8,0,0,0,2,8,8,0,2,99999,5
39,155,3,1,21,47,2147,1,0,1800,49,3172016,17,21,36,3,0,0,0,2136,2016,5,0,22,32,2232,12,3,0,2,0,40.05853889,40,3,30.74,3,-82.93175,82,55,54.3,8,0,0,21,43,2143,1,0,5,4,4,0,1,0,1,6,0,0,1,MORSE RD,.,1,0,24,996,0,0,88888888,88,88,88,88,8888,8888,0,0,0,0,0,0,0,0,8,0,1,9,8,0,0,0,1,0,0,0,1,99999,5
39,155,4,1,21,47,2147,1,0,1800,49,3172016,17,21,36,3,0,0,0,2136,2016,5,0,22,32,2232,12,3,0,2,0,40.05853889,40,3,30.74,3,-82.93175,82,55,54.3,8,0,0,21,43,2143,1,0,5,4,4,0,1,0,1,6,0,0,1,MORSE RD,.,1,0,40,996,0,0,88888888,88,88,88,88,8888,8888,0,0,0,0,0,0,0,0,8,0,0,9,8,0,0,0,1,0,0,0,1,99999,0
39,165,1,1,6,16,616,1,0,1800,49,3212016,21,6,11,3,0,0,0,611,2016,2,0,6,30,630,31,4,0,2,0,40.05806944,40,3,29.05,3,-82.97701944,82,58,37.27,0,0,0,6,12,612,1,0,1,1,4,0,1,0,4,6,0,0,0,KARL RD,.,1,0,20,160,2,1,3222016,22,15,17,3,1517,2016,0,605,996,0,2,1,2,0,0,7,4,9,8,0,0,0,1,0,0,2,2,3306,5
39,173,1,1,88,88,8888,2,0,1800,49,3312016,31,1,44,3,0,0,0,144,2016,5,0,88,88,8888,35,3,0,2,0,40.02682222,40,1,36.56,3,-82.96451667,82,57,52.26,0,0,0,88,88,8888,1,0,1,1,4,0,1,0,4,6,0,0,0,CLEVELAND AVE,.,1,0,32,200,2,1,3312016,31,2,8,3,208,2016,7,605,996,0,2,1,3,0,0,7,4,9,8,0,0,0,1,0,0,2,1,24,0
39,174,1,1,14,14,1414,1,0,0,49,3212016,21,14,6,3,0,0,0,1406,2016,2,0,14,38,1438,12,3,0,2,0,39.86519167,39,51,54.69,1,-83.10809167,83,6,29.13,2,48,1,14,8,1408,1,0,2,2,1,0,1,0,1,2,0,0,0,US-62,.,1,0,64,0,2,1,88888888,88,88,88,88,8888,8888,0,996,0,0,2,1,0,0,8,0,3,9,8,0,0,0,1,0,0,0,2,99999,5
39,174,2,1,14,14,1414,1,0,0,49,3212016,21,14,6,3,0,0,0,1406,2016,2,0,14,38,1438,12,3,0,2,0,39.86519167,39,51,54.69,1,-83.10809167,83,6,29.13,2,48,1,14,8,1408,1,0,2,2,1,0,1,0,1,2,0,0,0,US-62,.,1,0,64,0,2,1,3222016,22,21,25,3,2125,2016,0,1,0,0,2,1,0,0,0,7,4,9,8,0,0,0,1,0,0,1,2,3119,5
39,183,0,1,8,55,855,4,0,0,49,4092016,9,8,32,4,19,0,0,832,2016,7,0,9,14,914,23,3,0,2,0,39.87355833,39,52,24.81,1,-83.00225278,83,0,8.11,0,47,1,8,37,837,1,2,2,1,1,0,5,1,4,2,0,0,0,US-23,.,1,0,34,0,2,1,4092016,9,9,18,4,918,2016,0,996,0,0,2,3,0,0,0,7,4,9,8,0,0,0,5,0,0,1,1,46,5
39,183,0,2,8,55,855,4,0,0,49,4092016,9,8,32,4,19,0,0,832,2016,7,0,9,14,914,23,3,0,2,0,39.87355833,39,52,24.81,1,-83.00225278,83,0,8.11,0,47,1,8,37,837,1,2,2,1,1,0,5,1,4,2,0,0,0,US-23,.,1,0,50,996,0,0,88888888,88,88,88,88,8888,8888,0,0,0,0,0,0,0,0,8,0,1,9,8,0,0,0,5,8,8,0,1,99999,0
39,183,1,1,8,55,855,4,0,0,49,4092016,9,8,32,4,19,0,0,832,2016,7,0,9,14,914,23,3,0,2,0,39.87355833,39,52,24.81,1,-83.00225278,83,0,8.11,0,47,1,8,37,837,1,2,2,1,1,0,5,1,4,2,0,0,0,US-23,.,1,0,31,0,2,1,88888888,88,88,88,88,8888,8888,0,605,0,0,2,1,0,0,8,0,0,1,8,0,0,0,1,1,0,0,1,99999,0
39,183,1,2,8,55,855,4,0,0,49,4092016,9,8,32,4,19,0,0,832,2016,7,0,9,14,914,23,3,0,2,0,39.87355833,39,52,24.81,1,-83.00225278,83,0,8.11,0,47,1,8,37,837,1,2,2,1,1,0,5,1,4,2,0,0,0,US-23,.,1,0,37,996,0,0,88888888,88,88,88,88,8888,8888,0,0,0,0,0,0,0,0,8,0,0,9,8,0,0,0,2,8,8,0,1,99999,0
39,206,1,1,1,47,147,10,0,1800,49,4082016,8,1,34,4,0,0,0,134,2016,6,0,88,88,8888,12,1,0,2,0,39.99359167,39,59,36.93,3,-83.1183,83,7,5.88,2,103,1,1,38,138,1,0,2,2,1,0,18,1,1,1,0,0,0,I-270,.,1,0,24,200,2,1,4082016,8,2,2,4,202,2016,7,600,605,996,2,1,1,3,0,7,4,9,8,0,0,0,1,0,0,1,2,28,0
39,206,2,1,1,47,147,10,0,1800,49,4082016,8,1,34,4,0,0,0,134,2016,6,0,88,88,8888,12,1,0,2,0,39.99359167,39,59,36.93,3,-83.1183,83,7,5.88,2,103,1,1,38,138,1,0,2,2,1,0,18,1,1,1,0,0,0,I-270,.,1,0,34,996,0,0,88888888,88,88,88,88,8888,8888,0,0,0,0,0,0,0,0,8,0,1,9,8,0,0,0,1,0,1,0,1,99999,0
39,211,1,1,3,7,307,1,0,1800,49,4092016,9,2,57,4,20,0,0,257,2016,7,0,3,38,338,30,3,0,2,0,39.95636111,39,57,22.9,3,-82.90848889,82,54,30.56,0,184,1,2,58,258,1,0,2,1,1,0,3,0,4,2,0,0,1,US-40 MAIN ST,WEYANT AVE,3,0,27,110,2,1,4092016,9,3,8,4,308,2016,7,996,0,0,2,3,0,0,0,7,4,9,8,0,0,0,1,0,0,2,1,11,0
39,211,1,2,3,7,307,1,0,1800,49,4092016,9,2,57,4,20,0,0,257,2016,7,0,3,38,338,30,3,0,2,0,39.95636111,39,57,22.9,3,-82.90848889,82,54,30.56,0,184,1,2,58,258,1,0,2,1,1,0,3,0,4,2,0,0,1,US-40 MAIN ST,WEYANT AVE,3,0,23,996,0,0,88888888,88,88,88,88,8888,8888,0,0,0,0,0,0,0,0,8,0,3,9,8,0,0,0,2,8,8,0,1,99999,5
39,239,1,1,0,27,27,1,0,1800,49,5082016,8,0,12,5,0,0,0,12,2016,1,0,0,46,46,12,5,0,2,0,39.99963889,39,59,58.7,3,-82.9301,82,55,48.36,6,0,0,0,18,18,1,0,5,2,4,0,2,0,1,6,0,0,0,N CASSADY AVE,AIRPORT DR,2,0,25,996,0,0,88888888,88,88,88,88,8888,8888,0,0,0,0,0,0,0,0,8,0,2,9,8,0,0,0,1,0,0,0,2,99999,5
39,239,2,1,0,27,27,1,0,1800,49,5082016,8,0,12,5,0,0,0,12,2016,1,0,0,46,46,12,5,0,2,0,39.99963889,39,59,58.7,3,-82.9301,82,55,48.36,6,0,0,0,18,18,1,0,5,2,4,0,2,0,1,6,0,0,0,N CASSADY AVE,AIRPORT DR,2,0,32,145,2,1,88888888,88,88,88,88,8888,8888,0,0,0,0,0,0,0,0,8,0,2,9,8,0,0,0,1,0,1,0,1,99999,5
39,239,2,2,0,27,27,1,0,1800,49,5082016,8,0,12,5,0,0,0,12,2016,1,0,0,46,46,12,5,0,2,0,39.99963889,39,59,58.7,3,-82.9301,82,55,48.36,6,0,0,0,18,18,1,0,5,2,4,0,2,0,1,6,0,0,0,N CASSADY AVE,AIRPORT DR,2,0,32,340,2,1,5082016,8,0,39,5,39,2016,0,605,0,0,2,1,0,0,0,7,4,9,8,0,0,0,2,8,8,2,1,27,5
39,239,2,3,0,27,27,1,0,1800,49,5082016,8,0,12,5,0,0,0,12,2016,1,0,0,46,46,12,5,0,2,0,39.99963889,39,59,58.7,3,-82.9301,82,55,48.36,6,0,0,0,18,18,1,0,5,2,4,0,2,0,1,6,0,0,0,N CASSADY AVE,AIRPORT DR,2,0,24,996,0,0,88888888,88,88,88,88,8888,8888,0,0,0,0,0,0,0,0,8,0,2,9,8,0,0,0,2,8,8,0,2,99999,5
39,239,2,4,0,27,27,1,0,1800,49,5082016,8,0,12,5,0,0,0,12,2016,1,0,0,46,46,12,5,0,2,0,39.99963889,39,59,58.7,3,-82.9301,82,55,48.36,6,0,0,0,18,18,1,0,5,2,4,0,2,0,1,6,0,0,0,N CASSADY AVE,AIRPORT DR,2,0,24,996,0,0,88888888,88,88,88,88,8888,8888,0,0,0,0,0,0,0,0,8,0,2,9,8,0,0,0,2,8,8,0,2,99999,5
39,243,1,1,21,26,2126,2,0,0,49,4302016,30,21,19,4,0,0,0,2119,2016,7,0,21,50,2150,30,7,0,1,0,39.86050833,39,51,37.83,2,-83.14045278,83,8,25.63,0,0,0,21,19,2119,1,0,2,1,2,0,1,0,4,4,0,0,0,CR-264 BEATTY RD,.,1,0,18,0,2,1,88888888,88,88,88,88,8888,8888,0,1,0,0,2,1,0,0,8,0,2,9,8,0,0,0,1,0,0,0,1,99999,9
39,243,1,2,21,26,2126,2,0,0,49,4302016,30,21,19,4,0,0,0,2119,2016,7,0,21,50,2150,30,7,0,1,0,39.86050833,39,51,37.83,2,-83.14045278,83,8,25.63,0,0,0,21,19,2119,1,0,2,1,2,0,1,0,4,4,0,0,0,CR-264 BEATTY RD,.,1,0,17,0,2,1,4302016,30,22,0,4,2200,2016,0,996,0,0,2,1,0,0,0,7,4,9,8,0,0,0,2,8,8,1,1,41,5
39,245,1,1,21,16,2116,1,0,0,49,5052016,5,21,8,5,0,0,0,2108,2016,5,0,21,44,2144,12,4,0,2,0,39.88877222,39,53,19.58,2,-82.91322778,82,54,47.62,6,0,0,21,11,2111,1,0,5,4,2,0,1,0,1,6,0,0,0,WILLIAMS RD,.,1,0,51,0,2,1,5062016,6,2,17,5,217,2016,0,177,402,407,2,1,1,1,0,7,4,9,8,0,0,0,1,1,1,1,2,509,5
39,245,2,1,21,16,2116,1,0,0,49,5052016,5,21,8,5,0,0,0,2108,2016,5,0,21,44,2144,12,4,0,2,0,39.88877222,39,53,19.58,2,-82.91322778,82,54,47.62,6,0,0,21,11,2111,1,0,5,4,2,0,1,0,1,6,0,0,0,WILLIAMS RD,.,1,0,55,996,0,0,88888888,88,88,88,88,8888,8888,0,0,0,0,0,0,0,0,8,0,3,9,8,0,0,0,1,0,0,0,1,99999,5
39,245,3,1,21,16,2116,1,0,0,49,5052016,5,21,8,5,0,0,0,2108,2016,5,0,21,44,2144,12,4,0,2,0,39.88877222,39,53,19.58,2,-82.91322778,82,54,47.62,6,0,0,21,11,2111,1,0,5,4,2,0,1,0,1,6,0,0,0,WILLIAMS RD,.,1,0,34,996,0,0,88888888,88,88,88,88,8888,8888,0,0,0,0,0,0,0,0,8,0,2,9,8,0,0,0,1,0,0,0,1,99999,6
39,245,3,2,21,16,2116,1,0,0,49,5052016,5,21,8,5,0,0,0,2108,2016,5,0,21,44,2144,12,4,0,2,0,39.88877222,39,53,19.58,2,-82.91322778,82,54,47.62,6,0,0,21,11,2111,1,0,5,4,2,0,1,0,1,6,0,0,0,WILLIAMS RD,.,1,0,35,996,0,0,88888888,88,88,88,88,8888,8888,0,0,0,0,0,0,0,0,8,0,2,9,8,0,0,0,2,8,8,0,2,99999,6
39,245,4,1,21,16,2116,1,0,0,49,5052016,5,21,8,5,0,0,0,2108,2016,5,0,21,44,2144,12,4,0,2,0,39.88877222,39,53,19.58,2,-82.91322778,82,54,47.62,6,0,0,21,11,2111,1,0,5,4,2,0,1,0,1,6,0,0,0,WILLIAMS RD,.,1,0,27,996,0,0,88888888,88,88,88,88,8888,8888,0,0,0,0,0,0,0,0,8,0,0,9,8,0,0,0,1,0,0,0,1,99999,0
39,254,1,1,3,5,305,1,0,0,49,5112016,11,2,47,5,19,0,0,247,2016,4,0,3,35,335,1,1,0,1,1,39.81956944,39,49,10.45,2,-83.172325,83,10,20.37,0,13,1,2,50,250,1,0,2,2,1,0,1,0,1,1,0,0,0,I-71,.,1,0,49,0,2,1,5112016,11,3,15,5,315,2016,7,417,401,996,2,3,1,3,1,7,4,9,8,0,0,0,1,0,0,1,1,28,0
39,254,2,1,3,5,305,1,0,0,49,5112016,11,2,47,5,19,0,0,247,2016,4,0,3,35,335,1,1,0,1,1,39.81956944,39,49,10.45,2,-83.172325,83,10,20.37,0,13,1,2,50,250,1,0,2,2,1,0,1,0,1,1,0,0,0,I-71,.,1,0,66,0,2,1,88888888,88,88,88,88,8888,8888,0,1,0,0,2,1,0,0,8,0,3,9,8,0,0,0,1,0,0,0,1,99999,5
39,255,0,1,15,48,1548,1,0,1800,49,5132016,13,15,44,5,16,0,0,1544,2016,6,0,15,57,1557,8,3,0,2,0,39.99356944,39,59,36.85,1,-83.00674167,83,0,24.27,0,15,1,15,45,1545,1,1,1,1,1,0,3,0,1,2,0,0,0,US-23 HIGH ST,9TH AVE,3,0,54,0,2,1,5132016,13,16,31,5,1631,2016,0,996,0,0,2,1,0,0,0,7,4,9,8,0,0,0,5,0,0,1,2,47,5
39,255,1,1,15,48,1548,1,0,1800,49,5132016,13,15,44,5,16,0,0,1544,2016,6,0,15,57,1557,8,3,0,2,0,39.99356944,39,59,36.85,1,-83.00674167,83,0,24.27,0,15,1,15,45,1545,1,1,1,1,1,0,3,0,1,2,0,0,0,US-23 HIGH ST,9TH AVE,3,0,42,996,0,0,88888888,88,88,88,88,8888,8888,0,0,0,0,0,0,0,0,8,0,0,9,8,0,0,0,1,0,0,0,2,99999,0
39,285,1,1,20,23,2023,1,0,1800,49,5152016,15,20,18,5,0,0,0,2018,2016,1,0,20,41,2041,24,1,0,2,0,39.93652222,39,56,11.48,5,-82.87864167,82,52,43.11,0,213,1,20,19,2019,1,0,3,1,1,0,1,0,4,1,0,0,0,I-70 E,.,1,0,26,996,0,0,88888888,88,88,88,88,8888,8888,0,0,0,0,0,0,0,0,8,0,2,9,8,0,0,0,1,0,0,0,2,99999,5
39,285,1,2,20,23,2023,1,0,1800,49,5152016,15,20,18,5,0,0,0,2018,2016,1,0,20,41,2041,24,1,0,2,0,39.93652222,39,56,11.48,5,-82.87864167,82,52,43.11,0,213,1,20,19,2019,1,0,3,1,1,0,1,0,4,1,0,0,0,I-70 E,.,1,0,29,20,2,1,5152016,15,20,18,5,2018,2016,7,605,0,0,2,1,0,0,0,7,4,9,8,5,0,0,2,8,8,1,1,0,0
39,285,1,3,20,23,2023,1,0,1800,49,5152016,15,20,18,5,0,0,0,2018,2016,1,0,20,41,2041,24,1,0,2,0,39.93652222,39,56,11.48,5,-82.87864167,82,52,43.11,0,213,1,20,19,2019,1,0,3,1,1,0,1,0,4,1,0,0,0,I-70 E,.,1,0,4,996,0,0,88888888,88,88,88,88,8888,8888,0,0,0,0,0,0,0,0,8,0,2,9,8,0,0,0,2,8,8,0,2,99999,5
39,309,1,1,13,49,1349,1,0,0,49,5192016,19,13,47,5,0,0,0,1347,2016,5,0,88,88,8888,12,1,0,2,0,40.08227778,40,4,56.2,1,-82.90868333,82,54,31.26,7,306,1,13,49,1349,1,0,2,2,1,0,20,1,1,1,0,0,0,I-270,SR-161,1,0,46,0,2,1,5192016,19,13,54,5,1354,2016,7,1,0,0,2,1,0,0,1,7,4,9,8,0,0,0,1,0,0,1,1,7,0
39,309,2,1,13,49,1349,1,0,0,49,5192016,19,13,47,5,0,0,0,1347,2016,5,0,88,88,8888,12,1,0,2,0,40.08227778,40,4,56.2,1,-82.90868333,82,54,31.26,7,306,1,13,49,1349,1,0,2,2,1,0,20,1,1,1,0,0,0,I-270,SR-161,1,0,36,996,0,0,88888888,88,88,88,88,8888,8888,0,0,0,0,0,0,0,0,8,0,0,9,8,0,0,0,1,0,0,0,1,99999,0
39,310,1,1,23,7,2307,2,0,1800,49,5202016,20,22,57,5,0,0,0,2257,2016,6,0,23,21,2321,12,1,0,2,1,39.95798889,39,57,28.76,3,-82.98311944,82,58,59.23,2,171,1,23,0,2300,1,0,4,3,1,0,1,0,1,1,0,0,0,I-71,.,1,0,39,110,2,1,5202016,20,23,8,5,2308,2016,7,402,407,0,2,3,3,0,0,7,4,9,8,0,0,0,1,0,0,2,1,11,0
39,310,1,2,23,7,2307,2,0,1800,49,5202016,20,22,57,5,0,0,0,2257,2016,6,0,23,21,2321,12,1,0,2,1,39.95798889,39,57,28.76,3,-82.98311944,82,58,59.23,2,171,1,23,0,2300,1,0,4,3,1,0,1,0,1,1,0,0,0,I-71,.,1,0,39,996,0,0,88888888,88,88,88,88,8888,8888,0,0,0,0,0,0,0,0,8,0,3,9,8,0,0,0,2,8,8,0,2,99999,5
39,310,2,1,23,7,2307,2,0,1800,49,5202016,20,22,57,5,0,0,0,2257,2016,6,0,23,21,2321,12,1,0,2,1,39.95798889,39,57,28.76,3,-82.98311944,82,58,59.23,2,171,1,23,0,2300,1,0,4,3,1,0,1,0,1,1,0,0,0,I-71,.,1,0,62,996,0,0,88888888,88,88,88,88,8888,8888,0,0,0,0,0,0,0,0,8,0,0,9,8,0,0,0,1,0,0,0,1,99999,0
39,310,3,1,23,7,2307,2,0,1800,49,5202016,20,22,57,5,0,0,0,2257,2016,6,0,23,21,2321,12,1,0,2,1,39.95798889,39,57,28.76,3,-82.98311944,82,58,59.23,2,171,1,23,0,2300,1,0,4,3,1,0,1,0,1,1,0,0,0,I-71,.,1,0,32,996,0,0,88888888,88,88,88,88,8888,8888,0,0,0,0,0,0,0,0,8,0,2,9,8,0,0,0,1,0,0,0,1,99999,5
39,333,1,1,2,44,244,1,0,1800,49,6102016,10,2,40,6,0,0,0,240,2016,6,0,88,88,8888,30,3,0,2,0,40.06300278,40,3,46.81,2,-83.16091944,83,9,39.31,0,0,1,2,34,234,1,0,1,1,2,0,1,0,4,4,0,0,1,CR-3 AVERY RD,.,1,0,25,200,2,1,6102016,10,2,48,6,248,2016,7,996,0,0,2,1,0,0,0,7,4,9,8,0,0,0,1,0,0,1,1,8,0
39,343,0,1,16,58,1658,10,0,0,49,6022016,2,16,50,6,0,0,0,1650,2016,5,0,17,33,1733,53,4,0,2,0,40.03979167,40,2,23.25,1,-82.95092778,82,57,3.34,0,214,1,16,58,1658,1,2,1,1,1,0,1,0,4,3,0,0,0,SR-3 WESTERVILLE PIKE,.,1,0,23,996,0,0,88888888,88,88,88,88,8888,8888,0,0,0,0,0,0,0,0,8,0,2,9,8,0,0,0,5,0,0,0,1,99999,2
39,343,0,2,16,58,1658,10,0,0,49,6022016,2,16,50,6,0,0,0,1650,2016,5,0,17,33,1733,53,4,0,2,0,40.03979167,40,2,23.25,1,-82.95092778,82,57,3.34,0,214,1,16,58,1658,1,2,1,1,1,0,1,0,4,3,0,0,0,SR-3 WESTERVILLE PIKE,.,1,0,0,0,2,1,6022016,2,17,45,6,1745,2016,0,1,0,0,2,1,0,0,0,7,4,9,8,0,0,0,5,8,8,2,1,55,5
39,343,1,1,16,58,1658,10,0,0,49,6022016,2,16,50,6,0,0,0,1650,2016,5,0,17,33,1733,53,4,0,2,0,40.03979167,40,2,23.25,1,-82.95092778,82,57,3.34,0,214,1,16,58,1658,1,2,1,1,1,0,1,0,4,3,0,0,0,SR-3 WESTERVILLE PIKE,.,1,0,31,0,2,1,88888888,88,88,88,88,8888,8888,0,1,0,0,2,1,0,0,8,0,0,9,8,0,0,0,1,0,0,0,2,99999,0
39,344,1,1,13,36,1336,1,0,0,49,6032016,3,13,27,6,0,0,0,1327,2016,6,0,88,88,8888,12,3,0,2,0,39.85590278,39,51,21.25,1,-82.93835,82,56,18.06,6,0,1,13,30,1330,1,0,2,2,2,0,2,0,1,4,0,0,0,CR-122 ALUM CREEK DR,CR-229 BIXBY RD,2,0,66,0,2,1,88888888,88,88,88,88,8888,8888,0,996,0,0,2,1,0,0,8,0,0,9,8,0,0,0,1,0,0,0,2,99999,0
39,344,2,1,13,36,1336,1,0,0,49,6032016,3,13,27,6,0,0,0,1327,2016,6,0,88,88,8888,12,3,0,2,0,39.85590278,39,51,21.25,1,-82.93835,82,56,18.06,6,0,1,13,30,1330,1,0,2,2,2,0,2,0,1,4,0,0,0,CR-122 ALUM CREEK DR,CR-229 BIXBY RD,2,0,41,0,2,1,6032016,3,13,36,6,1336,2016,7,1,0,0,2,1,0,0,0,7,4,9,8,0,0,0,1,0,0,1,1,9,0
39,350,1,1,20,27,2027,1,0,1800,49,6102016,10,20,19,6,0,0,0,2019,2016,6,0,88,88,8888,30,5,0,2,0,39.9244,39,55,27.84,1,-82.92226111,82,55,20.14,0,0,0,20,21,2021,1,0,1,1,4,0,1,0,4,6,0,0,0,COLLEGE AVE,.,1,0,32,0,2,1,6102016,10,20,31,6,2031,2016,7,300,996,177,2,3,3,1,0,7,4,9,8,0,0,0,1,0,0,1,1,12,0
39,369,1,1,2,33,233,1,0,1800,49,6202016,20,2,25,6,0,0,0,225,2016,2,0,2,43,243,21,4,0,2,0,39.98508889,39,59,6.32,3,-82.95593056,82,57,21.35,0,0,0,2,28,228,1,0,1,1,4,0,1,0,4,6,0,0,0,E 5TH AVE,.,1,0,38,996,0,0,6202016,20,2,29,6,229,2016,0,0,0,0,0,0,0,0,0,7,4,9,8,0,0,0,1,0,0,2,1,4,5
39,381,1,1,19,11,1911,1,0,0,49,6182016,18,19,2,6,0,0,0,1902,2016,7,0,88,88,8888,12,4,0,2,1,40.07858333,40,4,42.9,1,-82.92849722,82,55,42.59,6,243,1,19,7,1907,1,0,2,2,1,0,2,0,1,3,0,0,1,SR-3 WESTERVILLE PIKE,CR-7005 CORPORATE DR,3,0,48,0,2,1,88888888,88,88,88,88,8888,8888,0,1,0,0,2,1,0,0,8,0,1,9,8,0,0,0,1,0,0,0,1,99999,0
39,381,2,1,19,11,1911,1,0,0,49,6182016,18,19,2,6,0,0,0,1902,2016,7,0,88,88,8888,12,4,0,2,1,40.07858333,40,4,42.9,1,-82.92849722,82,55,42.59,6,243,1,19,7,1907,1,0,2,2,1,0,2,0,1,3,0,0,1,SR-3 WESTERVILLE PIKE,CR-7005 CORPORATE DR,3,0,27,60,2,1,6182016,18,19,6,6,1906,2016,7,1,0,0,2,2,0,0,0,7,4,9,8,0,0,0,1,0,0,1,1,4,0
39,388,0,1,23,21,2321,1,0,1800,49,6102016,10,23,18,6,0,0,0,2318,2016,6,0,23,38,2338,8,4,0,2,0,39.94612222,39,56,46.04,3,-82.90227222,82,54,8.18,0,0,0,23,18,2318,1,1,2,1,2,0,2,0,1,4,0,0,0,CR-15 LIVINGSTON AVE,CUNARD RD,3,0,44,996,0,0,6242016,24,15,28,6,1528,2016,0,0,0,0,0,0,0,0,0,7,4,9,8,0,0,0,5,0,0,2,1,32810,5
39,388,1,1,23,21,2321,1,0,1800,49,6102016,10,23,18,6,0,0,0,2318,2016,6,0,23,38,2338,8,4,0,2,0,39.94612222,39,56,46.04,3,-82.90227222,82,54,8.18,0,0,0,23,18,2318,1,1,2,1,2,0,2,0,1,4,0,0,0,CR-15 LIVINGSTON AVE,CUNARD RD,3,0,72,996,0,0,88888888,88,88,88,88,8888,8888,0,0,0,0,0,0,0,0,8,0,0,9,8,0,0,0,1,0,0,0,2,99999,0
39,388,1,2,23,21,2321,1,0,1800,49,6102016,10,23,18,6,0,0,0,2318,2016,6,0,23,38,2338,8,4,0,2,0,39.94612222,39,56,46.04,3,-82.90227222,82,54,8.18,0,0,0,23,18,2318,1,1,2,1,2,0,2,0,1,4,0,0,0,CR-15 LIVINGSTON AVE,CUNARD RD,3,0,70,996,0,0,88888888,88,88,88,88,8888,8888,0,0,0,0,0,0,0,0,8,0,0,9,8,0,0,0,2,8,8,0,2,99999,0
39,405,1,1,11,9,1109,10,0,1800,49,6222016,22,10,54,6,0,0,0,1054,2016,4,0,88,88,8888,1,1,0,2,1,39.95366944,39,57,13.21,1,-82.96325,82,57,47.7,0,162,1,10,57,1057,1,0,2,2,1,0,1,0,1,1,0,0,0,I-70,.,1,0,23,0,2,1,6222016,22,11,1,6,1101,2016,7,1,0,0,2,1,0,0,0,6,4,9,8,0,0,0,1,0,0,68,1,7,0
39,405,2,1,11,9,1109,10,0,1800,49,6222016,22,10,54,6,0,0,0,1054,2016,4,0,88,88,8888,1,1,0,2,1,39.95366944,39,57,13.21,1,-82.96325,82,57,47.7,0,162,1,10,57,1057,1,0,2,2,1,0,1,0,1,1,0,0,0,I-70,.,1,0,62,996,0,0,88888888,88,88,88,88,8888,8888,0,0,0,0,0,0,0,0,8,0,0,9,8,0,0,0,1,0,0,0,1,99999,0
39,431,1,1,9,35,935,1,0,1800,49,6192016,19,9,22,6,0,0,0,922,2016,1,0,10,0,1000,12,3,0,2,0,39.96673056,39,58,0.23,1,-83.0236,83,1,24.96,6,154,1,9,30,930,1,0,3,2,1,0,2,1,1,2,0,0,0,US-33 DUBLIN RD,SR-315,2,0,58,996,0,0,88888888,88,88,88,88,8888,8888,0,0,0,0,0,0,0,0,8,0,2,9,8,0,0,0,1,0,0,0,1,99999,0
39,431,2,1,9,35,935,1,0,1800,49,6192016,19,9,22,6,0,0,0,922,2016,1,0,10,0,1000,12,3,0,2,0,39.96673056,39,58,0.23,1,-83.0236,83,1,24.96,6,154,1,9,30,930,1,0,3,2,1,0,2,1,1,2,0,0,0,US-33 DUBLIN RD,SR-315,2,0,24,996,0,0,88888888,88,88,88,88,8888,8888,0,0,0,0,0,0,0,0,8,0,3,9,8,0,0,0,1,0,0,0,2,99999,5
39,431,2,2,9,35,935,1,0,1800,49,6192016,19,9,22,6,0,0,0,922,2016,1,0,10,0,1000,12,3,0,2,0,39.96673056,39,58,0.23,1,-83.0236,83,1,24.96,6,154,1,9,30,930,1,0,3,2,1,0,2,1,1,2,0,0,0,US-33 DUBLIN RD,SR-315,2,0,25,0,2,1,6192016,19,9,29,6,929,2016,7,600,605,996,2,1,1,3,0,7,4,9,8,0,0,0,2,8,8,1,1,7,0
39,460,0,1,22,55,2255,1,0,1800,49,6292016,29,22,58,6,23,0,0,2258,2016,4,0,23,15,2315,8,3,0,2,0,39.91737222,39,55,2.54,2,-83.04079722,83,2,26.87,0,0,0,22,52,2252,1,1,2,1,2,0,3,0,1,4,0,0,0,CR-125 FRANK RD,TR-1125 FINLAND AVE,3,0,54,0,2,1,6292016,29,23,15,6,2315,2016,0,996,0,0,2,1,0,0,0,7,4,9,8,0,0,0,5,0,0,1,1,17,5
39,460,1,1,22,55,2255,1,0,1800,49,6292016,29,22,58,6,23,0,0,2258,2016,4,0,23,15,2315,8,3,0,2,0,39.91737222,39,55,2.54,2,-83.04079722,83,2,26.87,0,0,0,22,52,2252,1,1,2,1,2,0,3,0,1,4,0,0,0,CR-125 FRANK RD,TR-1125 FINLAND AVE,3,0,26,996,0,0,88888888,88,88,88,88,8888,8888,0,0,0,0,0,0,0,0,8,0,0,9,8,0,0,0,1,0,0,0,2,99999,0
39,460,1,2,22,55,2255,1,0,1800,49,6292016,29,22,58,6,23,0,0,2258,2016,4,0,23,15,2315,8,3,0,2,0,39.91737222,39,55,2.54,2,-83.04079722,83,2,26.87,0,0,0,22,52,2252,1,1,2,1,2,0,3,0,1,4,0,0,0,CR-125 FRANK RD,TR-1125 FINLAND AVE,3,0,26,996,0,0,88888888,88,88,88,88,8888,8888,0,0,0,0,0,0,0,0,8,0,0,9,8,0,0,0,2,8,8,0,2,99999,0
39,468,1,1,1,52,152,1,0,1800,49,7162016,16,1,43,7,0,0,0,143,2016,7,0,88,88,8888,25,1,0,2,0,39.95078056,39,57,2.81,3,-82.94425,82,56,39.3,0,165,1,1,45,145,1,0,1,1,1,0,1,0,3,1,0,0,0,I-70,.,1,0,23,220,2,1,7162016,16,1,55,7,155,2016,7,402,996,407,2,3,3,2,0,7,4,5,8,0,0,0,1,0,1,2,2,12,0
39,493,1,1,2,10,210,1,0,1800,49,7022016,2,1,57,7,0,0,0,157,2016,7,0,88,88,8888,34,1,5,2,0,40.112075,40,6,43.47,3,-82.97760833,82,58,39.39,0,259,1,2,2,202,1,0,1,1,1,0,5,1,4,1,0,0,1,I-270 EXIT RAMP TO I71,.,1,0,48,240,2,1,7022016,2,2,10,7,210,2016,7,189,996,0,2,1,3,0,0,7,4,9,8,0,0,0,1,0,1,2,1,13,0
39,497,0,1,5,50,550,1,0,1800,49,7112016,11,5,43,7,0,0,0,543,2016,2,0,88,88,8888,8,4,0,2,0,39.92741111,39,55,38.68,4,-82.83131111,82,49,52.72,0,0,0,5,44,544,1,1,1,1,4,0,1,0,1,6,0,0,0,BRICE RD,.,1,0,21,0,2,1,7112016,11,5,54,7,554,2016,7,177,151,996,2,1,1,1,0,7,4,9,8,0,0,0,5,0,0,1,2,11,0
39,497,1,1,5,50,550,1,0,1800,49,7112016,11,5,43,7,0,0,0,543,2016,2,0,88,88,8888,8,4,0,2,0,39.92741111,39,55,38.68,4,-82.83131111,82,49,52.72,0,0,0,5,44,544,1,1,1,1,4,0,1,0,1,6,0,0,0,BRICE RD,.,1,0,999,996,0,0,88888888,88,88,88,88,8888,8888,0,0,0,0,0,0,0,0,8,0,0,9,8,0,0,0,1,0,0,0,9,99999,0
39,500,1,1,23,15,2315,1,0,1800,49,7202016,20,23,6,7,0,0,0,2306,2016,4,0,88,88,8888,12,1,0,2,0,39.95343889,39,57,12.38,3,-82.96106111,82,57,39.82,1,160,1,23,6,2306,1,0,2,2,1,0,1,0,1,1,0,0,1,I-70 E,.,1,0,25,50,2,1,7202016,20,23,15,7,2315,2016,7,996,0,0,2,3,0,0,0,7,4,9,8,0,0,0,1,0,0,1,1,9,0
39,500,2,1,23,15,2315,1,0,1800,49,7202016,20,23,6,7,0,0,0,2306,2016,4,0,88,88,8888,12,1,0,2,0,39.95343889,39,57,12.38,3,-82.96106111,82,57,39.82,1,160,1,23,6,2306,1,0,2,2,1,0,1,0,1,1,0,0,1,I-70 E,.,1,0,29,996,0,0,88888888,88,88,88,88,8888,8888,0,0,0,0,0,0,0,0,8,0,0,9,8,0,0,0,1,0,0,0,2,99999,0
39,511,1,1,1,52,152,10,0,0,49,7162016,16,1,44,7,0,0,0,144,2016,7,0,2,16,216,12,2,0,2,0,40.08210278,40,4,55.57,3,-82.91611667,82,54,58.02,1,152,1,1,46,146,1,0,3,2,1,0,3,1,1,3,0,0,0,SR-161 DUBLIN GRANVILLE RD,TR-2092 BUENOS AIRES BLVD,2,0,37,49,2,1,88888888,88,88,88,88,8888,8888,0,605,0,0,2,1,0,0,8,0,0,9,8,0,0,0,1,0,1,0,1,99999,0
39,511,2,1,1,52,152,10,0,0,49,7162016,16,1,44,7,0,0,0,144,2016,7,0,2,16,216,12,2,0,2,0,40.08210278,40,4,55.57,3,-82.91611667,82,54,58.02,1,152,1,1,46,146,1,0,3,2,1,0,3,1,1,3,0,0,0,SR-161 DUBLIN GRANVILLE RD,TR-2092 BUENOS AIRES BLVD,2,0,39,996,0,0,88888888,88,88,88,88,8888,8888,0,0,0,0,0,0,0,0,8,0,3,9,8,0,0,0,1,0,0,0,1,99999,5
39,511,2,2,1,52,152,10,0,0,49,7162016,16,1,44,7,0,0,0,144,2016,7,0,2,16,216,12,2,0,2,0,40.08210278,40,4,55.57,3,-82.91611667,82,54,58.02,1,152,1,1,46,146,1,0,3,2,1,0,3,1,1,3,0,0,0,SR-161 DUBLIN GRANVILLE RD,TR-2092 BUENOS AIRES BLVD,2,0,45,50,2,1,7162016,16,1,56,7,156,2016,7,996,0,0,2,3,0,0,0,7,4,9,8,0,0,0,2,8,8,1,2,12,0
39,525,1,1,1,2,102,10,0,1800,49,7232016,23,0,57,7,0,0,0,57,2016,7,0,88,88,8888,53,5,0,2,0,40.03343056,40,2,0.35,2,-82.914625,82,54,52.65,0,0,0,0,58,58,1,0,1,1,4,0,1,0,4,6,0,0,0,MCCUTCHEON RD,.,1,0,27,0,2,1,7232016,23,1,4,7,104,2016,7,605,0,0,2,1,0,0,0,7,4,9,7,0,0,0,1,1,0,2,1,7,0
39,527,1,1,21,58,2158,1,0,1800,49,7292016,29,21,51,7,0,0,0,2151,2016,6,0,22,10,2210,12,2,0,2,0,39.92825,39,55,41.7,3,-82.9252,82,55,30.72,2,219,1,21,54,2154,1,0,3,2,1,0,1,0,1,2,0,0,0,US-33,.,1,0,39,243,2,1,88888888,88,88,88,88,8888,8888,0,0,0,0,0,0,0,0,8,0,0,9,8,0,0,0,1,0,1,0,1,99999,0
39,527,1,2,21,58,2158,1,0,1800,49,7292016,29,21,51,7,0,0,0,2151,2016,6,0,22,10,2210,12,2,0,2,0,39.92825,39,55,41.7,3,-82.9252,82,55,30.72,2,219,1,21,54,2154,1,0,3,2,1,0,1,0,1,2,0,0,0,US-33,.,1,0,21,996,0,0,88888888,88,88,88,88,8888,8888,0,0,0,0,0,0,0,0,8,0,2,9,8,0,0,0,2,8,8,0,2,99999,5
39,527,2,1,21,58,2158,1,0,1800,49,7292016,29,21,51,7,0,0,0,2151,2016,6,0,22,10,2210,12,2,0,2,0,39.92825,39,55,41.7,3,-82.9252,82,55,30.72,2,219,1,21,54,2154,1,0,3,2,1,0,1,0,1,2,0,0,0,US-33,.,1,0,40,0,2,1,7292016,29,21,58,7,2158,2016,7,1,0,0,2,1,0,0,0,2,4,9,8,0,0,0,1,0,0,98,2,7,0
39,532,1,1,3,15,315,1,0,1800,49,8022016,2,3,9,8,0,0,0,309,2016,3,0,3,41,341,12,5,0,2,0,39.94206111,39,56,31.42,3,-82.96376111,82,57,49.54,2,0,0,3,10,310,1,0,2,2,4,0,1,0,1,6,0,0,0,LOCKBOURNE RD,.,1,0,38,190,2,1,8022016,2,5,29,8,529,2016,0,177,0,0,2,1,0,0,0,7,4,9,8,0,0,0,1,0,0,2,1,220,5
39,532,2,1,3,15,315,1,0,1800,49,8022016,2,3,9,8,0,0,0,309,2016,3,0,3,41,341,12,5,0,2,0,39.94206111,39,56,31.42,3,-82.96376111,82,57,49.54,2,0,0,3,10,310,1,0,2,2,4,0,1,0,1,6,0,0,0,LOCKBOURNE RD,.,1,0,19,101,2,1,88888888,88,88,88,88,8888,8888,0,0,0,0,0,0,0,0,8,0,1,9,8,0,0,0,1,0,1,0,2,99999,5
39,544,1,1,18,27,1827,1,0,0,49,7242016,24,18,17,7,0,0,0,1817,2016,1,0,18,48,1848,34,5,0,2,0,39.89590278,39,53,45.25,1,-83.19826111,83,11,53.74,0,0,0,18,19,1819,1,0,1,1,2,0,1,0,4,4,0,0,0,CR-11 ALKIRE RD,.,1,0,51,0,2,1,7242016,24,19,26,7,1926,2016,0,1,0,0,2,1,0,0,0,7,4,9,8,0,0,0,1,0,0,1,2,109,5
39,607,1,1,14,35,1435,1,0,2270,49,8072016,7,14,29,8,0,0,0,1429,2016,1,0,88,88,8888,43,3,0,2,0,40.09883889,40,5,55.82,1,-83.10908056,83,6,32.69,0,44,1,14,31,1431,1,0,1,1,1,0,1,0,4,2,0,0,0,US-33,.,1,0,45,0,2,1,8072016,7,14,47,8,1447,2016,7,996,0,0,2,3,0,0,0,7,4,9,8,0,0,0,1,8,8,1,1,18,0
39,608,1,1,11,38,1138,1,0,0,49,8122016,12,11,24,8,0,0,0,1124,2016,6,0,11,55,1155,42,1,0,2,0,39.87556111,39,52,32.02,1,-83.00738056,83,0,26.57,0,527,1,11,27,1127,1,0,1,1,1,0,5,1,8,1,0,0,0,I-270,US-23,1,0,55,996,0,0,8202016,20,17,37,8,1737,2016,0,0,0,0,0,0,0,0,0,7,4,9,8,0,0,0,1,0,0,1,1,19813,5
39,610,1,1,0,2,2,10,0,0,49,8142016,14,23,51,8,0,0,0,2351,2016,1,0,0,28,28,24,1,0,2,0,39.87459167,39,52,28.53,3,-83.000925,83,0,3.33,0,528,1,23,55,2355,2,0,3,2,1,0,19,1,3,1,0,0,0,I-270,.,1,0,34,87,2,1,9122016,12,17,20,9,1720,2016,0,1,0,0,2,1,0,0,0,7,4,9,8,0,0,0,1,0,1,1,1,68929,5
39,610,2,1,0,2,2,10,0,0,49,8142016,14,23,51,8,0,0,0,2351,2016,1,0,0,28,28,24,1,0,2,0,39.87459167,39,52,28.53,3,-83.000925,83,0,3.33,0,528,1,23,55,2355,2,0,3,2,1,0,19,1,3,1,0,0,0,I-270,.,1,0,46,996,0,0,88888888,88,88,88,88,8888,8888,0,0,0,0,0,0,0,0,8,0,3,9,8,0,0,0,1,0,0,0,1,99999,5
39,610,2,2,0,2,2,10,0,0,49,8142016,14,23,51,8,0,0,0,2351,2016,1,0,0,28,28,24,1,0,2,0,39.87459167,39,52,28.53,3,-83.000925,83,0,3.33,0,528,1,23,55,2355,2,0,3,2,1,0,19,1,3,1,0,0,0,I-270,.,1,0,47,996,0,0,8152016,15,0,10,8,10,2016,7,0,0,0,0,0,0,0,0,7,4,9,8,0,0,0,2,8,8,2,1,19,0
39,611,0,1,23,31,2331,1,0,0,49,8192016,19,23,27,8,0,0,0,2327,2016,6,0,0,13,13,8,3,0,2,0,40.04373056,40,2,37.43,3,-82.95921944,82,57,33.19,0,0,0,23,29,2329,1,1,1,1,2,0,1,0,1,4,0,0,0,CR-75 CLEVELAND AVE,.,1,0,45,35,2,1,8192016,19,23,51,8,2351,2016,0,321,351,996,2,1,1,1,0,1,4,9,8,0,0,0,5,0,1,2,1,24,5
39,611,1,1,23,31,2331,1,0,0,49,8192016,19,23,27,8,0,0,0,2327,2016,6,0,0,13,13,8,3,0,2,0,40.04373056,40,2,37.43,3,-82.95921944,82,57,33.19,0,0,0,23,29,2329,1,1,1,1,2,0,1,0,1,4,0,0,0,CR-75 CLEVELAND AVE,.,1,0,60,995,8,95,88888888,88,88,88,88,8888,8888,0,95,0,0,8,6,0,0,8,0,0,9,8,0,0,0,1,0,0,0,1,99999,0
39,659,1,1,23,42,2342,1,0,1800,49,9012016,1,23,37,9,0,0,0,2337,2016,5,0,23,56,2356,33,7,0,2,0,40.07527222,40,4,30.98,2,-83.1033,83,6,11.88,0,0,0,23,37,2337,1,0,1,1,4,0,3,0,4,6,0,0,0,THATCHER DR,ROSSBURY CT,3,0,40,180,2,1,9022016,2,0,0,9,0,2016,0,996,0,0,2,1,0,0,0,7,4,9,8,0,0,0,1,0,1,1,1,23,5
39,660,1,1,21,39,2139,1,0,5550,49,9012016,1,21,27,9,0,0,0,2127,2016,5,0,88,88,8888,38,4,0,2,0,40.05790833,40,3,28.47,2,-82.81076111,82,48,38.74,0,0,0,21,35,2135,1,0,1,1,4,0,1,0,4,6,0,0,0,REYNOLDSBURG NEW ALBANY RD,.,1,0,36,0,2,1,9012016,1,21,57,9,2157,2016,7,605,996,0,2,1,1,0,0,7,4,9,8,0,0,0,1,1,0,1,1,30,0
39,684,0,1,18,7,1807,1,0,1800,49,8102016,10,18,4,8,0,0,0,1804,2016,4,0,88,88,8888,9,4,0,2,0,39.94509167,39,56,42.33,1,-82.8828,82,52,58.08,0,0,0,18,6,1806,1,1,1,1,4,0,2,0,1,6,0,0,0,E LIVINGSTON AVE,BURLINGTON AVE,2,0,69,0,2,1,8102016,10,18,10,8,1810,2016,7,402,996,407,2,3,3,2,0,7,4,9,8,0,0,0,6,0,0,1,1,6,0
39,684,1,1,18,7,1807,1,0,1800,49,8102016,10,18,4,8,0,0,0,1804,2016,4,0,88,88,8888,9,4,0,2,0,39.94509167,39,56,42.33,1,-82.8828,82,52,58.08,0,0,0,18,6,1806,1,1,1,1,4,0,2,0,1,6,0,0,0,E LIVINGSTON AVE,BURLINGTON AVE,2,0,41,996,0,0,88888888,88,88,88,88,8888,8888,0,0,0,0,0,0,0,0,8,0,0,9,8,0,0,0,1,0,0,0,2,99999,0
39,700,1,1,1,0,100,1,0,1800,49,9082016,8,0,50,9,0,0,0,50,2016,5,0,88,88,8888,33,4,0,2,0,40.04285,40,2,34.26,2,-83.03343889,83,2,0.38,0,0,0,0,55,55,1,0,1,1,2,0,1,0,4,4,0,0,1,CR-9 OLENTANGY RIVER RD,.,1,0,50,200,2,1,9082016,8,1,2,9,102,2016,7,996,0,0,2,1,0,0,0,7,4,9,8,0,0,0,1,0,0,1,1,12,0
39,701,1,1,12,20,1220,1,0,1800,49,9102016,10,12,13,9,0,0,0,1213,2016,7,0,12,25,1225,12,4,0,2,0,39.99076667,39,59,26.76,1,-83.02595278,83,1,33.43,6,0,0,12,17,1217,1,0,2,2,2,0,8,0,1,4,0,0,1,CR-9 OLENTANGY RIVER RD,.,1,0,25,0,2,1,9102016,10,12,58,9,1258,2016,0,996,0,0,2,1,0,0,0,7,4,9,8,0,0,0,1,0,0,1,1,45,5
39,701,2,1,12,20,1220,1,0,1800,49,9102016,10,12,13,9,0,0,0,1213,2016,7,0,12,25,1225,12,4,0,2,0,39.99076667,39,59,26.76,1,-83.02595278,83,1,33.43,6,0,0,12,17,1217,1,0,2,2,2,0,8,0,1,4,0,0,1,CR-9 OLENTANGY RIVER RD,.,1,0,77,996,0,0,88888888,88,88,88,88,8888,8888,0,0,0,0,0,0,0,0,8,0,0,9,8,0,0,0,1,0,0,0,2,99999,0
39,706,0,1,17,33,1733,1,0,1800,49,9112016,11,17,20,9,0,0,0,1720,2016,1,0,17,57,1757,8,96,0,6,0,40.08995,40,5,23.82,1,-82.94445833,82,56,40.05,0,0,9,17,22,1722,1,1,1,1,96,0,1,0,1,9,0,9,0,VISTA VIEW BLVD,.,1,0,6,0,2,1,9112016,11,18,55,9,1855,2016,0,1,0,0,2,3,0,0,0,7,4,9,8,0,0,0,5,0,0,2,1,135,5
39,706,1,1,17,33,1733,1,0,1800,49,9112016,11,17,20,9,0,0,0,1720,2016,1,0,17,57,1757,8,96,0,6,0,40.08995,40,5,23.82,1,-82.94445833,82,56,40.05,0,0,9,17,22,1722,1,1,1,1,96,0,1,0,1,9,0,9,0,VISTA VIEW BLVD,.,1,0,24,996,0,0,88888888,88,88,88,88,8888,8888,0,0,0,0,0,0,0,0,8,0,0,9,8,0,0,0,1,0,0,0,1,99999,0
39,709,0,1,8,4,804,1,0,1800,49,8302016,30,7,57,8,0,0,0,757,2016,3,0,8,26,826,8,5,0,2,0,39.99058056,39,59,26.09,1,-83.01753889,83,1,3.14,0,0,0,8,0,800,1,1,1,1,2,0,3,0,1,4,0,0,0,CR-565 KING AVE,BELMONT AVE,3,0,64,0,2,1,8302016,30,10,16,8,1016,2016,0,1,0,0,2,1,0,0,0,7,4,9,8,0,0,0,5,0,0,18,1,219,5
39,709,1,1,8,4,804,1,0,1800,49,8302016,30,7,57,8,0,0,0,757,2016,3,0,8,26,826,8,5,0,2,0,39.99058056,39,59,26.09,1,-83.01753889,83,1,3.14,0,0,0,8,0,800,1,1,1,1,2,0,3,0,1,4,0,0,0,CR-565 KING AVE,BELMONT AVE,3,0,19,996,0,0,88888888,88,88,88,88,8888,8888,0,0,0,0,0,0,0,0,8,0,0,9,8,0,0,0,1,0,0,0,2,99999,0
39,724,1,1,15,58,1558,1,0,0,49,9162016,16,15,46,9,14,0,0,1546,2016,6,0,16,18,1618,12,1,0,2,1,39.886925,39,53,12.93,1,-83.02921389,83,1,45.17,1,541,1,15,47,1547,2,0,13,5,1,0,1,0,1,1,0,0,0,I-270,.,1,0,39,0,2,1,88888888,88,88,88,88,8888,8888,0,1,0,0,2,1,0,0,8,0,1,1,1,0,0,0,1,1,0,0,1,99999,5
39,724,2,1,15,58,1558,1,0,0,49,9162016,16,15,46,9,14,0,0,1546,2016,6,0,16,18,1618,12,1,0,2,1,39.886925,39,53,12.93,1,-83.02921389,83,1,45.17,1,541,1,15,47,1547,2,0,13,5,1,0,1,0,1,1,0,0,0,I-270,.,1,0,41,996,0,0,88888888,88,88,88,88,8888,8888,0,0,0,0,0,0,0,0,8,0,2,9,8,0,0,0,1,0,0,0,1,99999,5
39,724,2,2,15,58,1558,1,0,0,49,9162016,16,15,46,9,14,0,0,1546,2016,6,0,16,18,1618,12,1,0,2,1,39.886925,39,53,12.93,1,-83.02921389,83,1,45.17,1,541,1,15,47,1547,2,0,13,5,1,0,1,0,1,1,0,0,0,I-270,.,1,0,39,996,0,0,88888888,88,88,88,88,8888,8888,0,0,0,0,0,0,0,0,8,0,1,9,8,0,0,0,2,8,8,0,2,99999,5
39,724,2,3,15,58,1558,1,0,0,49,9162016,16,15,46,9,14,0,0,1546,2016,6,0,16,18,1618,12,1,0,2,1,39.886925,39,53,12.93,1,-83.02921389,83,1,45.17,1,541,1,15,47,1547,2,0,13,5,1,0,1,0,1,1,0,0,0,I-270,.,1,0,1,996,0,0,88888888,88,88,88,88,8888,8888,0,0,0,0,0,0,0,0,8,0,3,9,8,0,0,0,2,8,8,0,1,99999,5
39,724,2,4,15,58,1558,1,0,0,49,9162016,16,15,46,9,14,0,0,1546,2016,6,0,16,18,1618,12,1,0,2,1,39.886925,39,53,12.93,1,-83.02921389,83,1,45.17,1,541,1,15,47,1547,2,0,13,5,1,0,1,0,1,1,0,0,0,I-270,.,1,0,9,996,0,0,9202016,20,16,24,9,1624,2016,0,0,0,0,0,0,0,0,0,7,4,9,8,0,0,0,2,8,8,1,2,9638,5
39,724,2,5,15,58,1558,1,0,0,49,9162016,16,15,46,9,14,0,0,1546,2016,6,0,16,18,1618,12,1,0,2,1,39.886925,39,53,12.93,1,-83.02921389,83,1,45.17,1,541,1,15,47,1547,2,0,13,5,1,0,1,0,1,1,0,0,0,I-270,.,1,0,7,996,0,0,9202016,20,11,13,9,1113,2016,0,0,0,0,0,0,0,0,0,7,4,9,8,0,0,0,2,8,8,1,2,9127,5
39,724,2,6,15,58,1558,1,0,0,49,9162016,16,15,46,9,14,0,0,1546,2016,6,0,16,18,1618,12,1,0,2,1,39.886925,39,53,12.93,1,-83.02921389,83,1,45.17,1,541,1,15,47,1547,2,0,13,5,1,0,1,0,1,1,0,0,0,I-270,.,1,0,4,996,0,0,88888888,88,88,88,88,8888,8888,0,0,0,0,0,0,0,0,8,0,1,9,8,0,0,0,2,8,8,0,1,99999,5
39,724,3,1,15,58,1558,1,0,0,49,9162016,16,15,46,9,14,0,0,1546,2016,6,0,16,18,1618,12,1,0,2,1,39.886925,39,53,12.93,1,-83.02921389,83,1,45.17,1,541,1,15,47,1547,2,0,13,5,1,0,1,0,1,1,0,0,0,I-270,.,1,0,15,996,0,0,88888888,88,88,88,88,8888,8888,0,0,0,0,0,0,0,0,8,0,2,9,8,0,0,0,1,0,0,0,1,99999,5
39,724,3,2,15,58,1558,1,0,0,49,9162016,16,15,46,9,14,0,0,1546,2016,6,0,16,18,1618,12,1,0,2,1,39.886925,39,53,12.93,1,-83.02921389,83,1,45.17,1,541,1,15,47,1547,2,0,13,5,1,0,1,0,1,1,0,0,0,I-270,.,1,0,50,996,0,0,88888888,88,88,88,88,8888,8888,0,0,0,0,0,0,0,0,8,0,1,9,8,0,0,0,2,8,8,0,1,99999,5
39,724,4,1,15,58,1558,1,0,0,49,9162016,16,15,46,9,14,0,0,1546,2016,6,0,16,18,1618,12,1,0,2,1,39.886925,39,53,12.93,1,-83.02921389,83,1,45.17,1,541,1,15,47,1547,2,0,13,5,1,0,1,0,1,1,0,0,0,I-270,.,1,0,56,996,0,0,88888888,88,88,88,88,8888,8888,0,0,0,0,0,0,0,0,8,0,0,9,8,0,0,0,1,0,0,0,1,99999,0
39,724,4,2,15,58,1558,1,0,0,49,9162016,16,15,46,9,14,0,0,1546,2016,6,0,16,18,1618,12,1,0,2,1,39.886925,39,53,12.93,1,-83.02921389,83,1,45.17,1,541,1,15,47,1547,2,0,13,5,1,0,1,0,1,1,0,0,0,I-270,.,1,0,51,996,0,0,88888888,88,88,88,88,8888,8888,0,0,0,0,0,0,0,0,8,0,0,9,8,0,0,0,2,8,8,0,2,99999,0
39,724,4,3,15,58,1558,1,0,0,49,9162016,16,15,46,9,14,0,0,1546,2016,6,0,16,18,1618,12,1,0,2,1,39.886925,39,53,12.93,1,-83.02921389,83,1,45.17,1,541,1,15,47,1547,2,0,13,5,1,0,1,0,1,1,0,0,0,I-270,.,1,0,20,996,0,0,88888888,88,88,88,88,8888,8888,0,0,0,0,0,0,0,0,8,0,0,9,8,0,0,0,2,8,8,0,2,99999,0
39,724,5,1,15,58,1558,1,0,0,49,9162016,16,15,46,9,14,0,0,1546,2016,6,0,16,18,1618,12,1,0,2,1,39.886925,39,53,12.93,1,-83.02921389,83,1,45.17,1,541,1,15,47,1547,2,0,13,5,1,0,1,0,1,1,0,0,0,I-270,.,1,0,42,996,0,0,88888888,88,88,88,88,8888,8888,0,0,0,0,0,0,0,0,8,0,0,9,8,0,0,0,1,0,0,0,1,99999,0
39,756,0,1,6,55,655,1,0,1800,49,9222016,22,6,48,9,0,0,0,648,2016,5,0,88,88,8888,8,4,0,2,0,40.07176667,40,4,18.36,4,-82.97657222,82,58,35.66,0,0,0,6,50,650,1,1,2,2,4,0,1,0,1,6,0,0,0,KARL RD,.,1,0,11,0,2,1,9222016,22,7,15,9,715,2016,7,1,0,0,2,1,0,0,0,7,4,9,8,0,0,0,5,0,0,2,1,27,0
39,756,1,1,6,55,655,1,0,1800,49,9222016,22,6,48,9,0,0,0,648,2016,5,0,88,88,8888,8,4,0,2,0,40.07176667,40,4,18.36,4,-82.97657222,82,58,35.66,0,0,0,6,50,650,1,1,2,2,4,0,1,0,1,6,0,0,0,KARL RD,.,1,0,65,996,0,0,88888888,88,88,88,88,8888,8888,0,0,0,0,0,0,0,0,8,0,0,9,8,0,0,0,1,0,0,0,1,99999,0
39,756,2,1,6,55,655,1,0,1800,49,9222016,22,6,48,9,0,0,0,648,2016,5,0,88,88,8888,8,4,0,2,0,40.07176667,40,4,18.36,4,-82.97657222,82,58,35.66,0,0,0,6,50,650,1,1,2,2,4,0,1,0,1,6,0,0,0,KARL RD,.,1,0,55,996,0,0,88888888,88,88,88,88,8888,8888,0,0,0,0,0,0,0,0,8,0,0,9,8,0,0,0,1,0,0,0,1,99999,0
39,793,0,1,2,32,232,1,0,1800,49,5112016,11,2,25,5,0,0,0,225,2016,4,0,2,44,244,8,2,0,2,0,40.05196111,40,3,7.06,3,-83.03286111,83,1,58.3,0,71,1,2,27,227,1,1,1,1,1,0,1,0,1,3,0,0,0,SR-315,.,1,0,18,0,2,1,5112016,11,2,56,5,256,2016,0,605,996,0,2,1,1,0,0,7,4,9,8,0,0,0,5,1,0,2,1,31,5
39,793,1,1,2,32,232,1,0,1800,49,5112016,11,2,25,5,0,0,0,225,2016,4,0,2,44,244,8,2,0,2,0,40.05196111,40,3,7.06,3,-83.03286111,83,1,58.3,0,71,1,2,27,227,1,1,1,1,1,0,1,0,1,3,0,0,0,SR-315,.,1,0,34,996,0,0,88888888,88,88,88,88,8888,8888,0,0,0,0,0,0,0,0,8,0,0,9,8,0,0,0,1,0,0,0,1,99999,0
39,795,1,1,20,20,2020,10,0,0,49,10092016,9,20,14,10,0,0,0,2014,2016,1,0,21,13,2113,12,6,7,2,0,39.84441111,39,50,39.88,2,-83.18513333,83,11,6.48,2,0,0,20,16,2016,2,0,3,2,2,0,1,0,1,4,0,0,0,CR-3 HARRISBURG-GEORGESVILLE R,.,1,0,45,220,2,1,10092016,9,20,23,10,2023,2016,7,189,188,996,2,1,1,1,0,7,4,1,1,0,0,0,1,1,1,1,1,9,0
39,795,1,2,20,20,2020,10,0,0,49,10092016,9,20,14,10,0,0,0,2014,2016,1,0,21,13,2113,12,6,7,2,0,39.84441111,39,50,39.88,2,-83.18513333,83,11,6.48,2,0,0,20,16,2016,2,0,3,2,2,0,1,0,1,4,0,0,0,CR-3 HARRISBURG-GEORGESVILLE R,.,1,0,42,0,2,1,10092016,9,22,43,10,2243,2016,7,996,0,0,2,1,0,0,0,7,4,9,8,0,0,0,2,8,8,1,2,229,0
39,795,2,1,20,20,2020,10,0,0,49,10092016,9,20,14,10,0,0,0,2014,2016,1,0,21,13,2113,12,6,7,2,0,39.84441111,39,50,39.88,2,-83.18513333,83,11,6.48,2,0,0,20,16,2016,2,0,3,2,2,0,1,0,1,4,0,0,0,CR-3 HARRISBURG-GEORGESVILLE R,.,1,0,35,996,0,0,88888888,88,88,88,88,8888,8888,0,0,0,0,0,0,0,0,8,0,2,9,8,0,0,0,1,0,0,0,1,99999,5
39,797,0,1,5,43,543,1,0,1800,49,9262016,26,5,40,9,0,0,0,540,2016,2,0,6,6,606,8,4,0,2,0,39.89596111,39,53,45.46,3,-82.87420833,82,52,27.15,0,0,0,5,41,541,1,1,2,1,2,0,1,0,1,4,0,0,0,CR-376 WINCHESTER PIKE,CR-371 NOE-BIXBY RD,1,0,19,996,0,0,10202016,20,21,48,10,2148,2016,0,0,0,0,0,0,0,0,0,7,4,9,8,0,0,0,5,0,0,1,2,59208,5
39,797,1,1,5,43,543,1,0,1800,49,9262016,26,5,40,9,0,0,0,540,2016,2,0,6,6,606,8,4,0,2,0,39.89596111,39,53,45.46,3,-82.87420833,82,52,27.15,0,0,0,5,41,541,1,1,2,1,2,0,1,0,1,4,0,0,0,CR-376 WINCHESTER PIKE,CR-371 NOE-BIXBY RD,1,0,29,996,0,0,88888888,88,88,88,88,8888,8888,0,0,0,0,0,0,0,0,8,0,0,9,8,0,0,0,1,0,0,0,1,99999,0
39,797,1,2,5,43,543,1,0,1800,49,9262016,26,5,40,9,0,0,0,540,2016,2,0,6,6,606,8,4,0,2,0,39.89596111,39,53,45.46,3,-82.87420833,82,52,27.15,0,0,0,5,41,541,1,1,2,1,2,0,1,0,1,4,0,0,0,CR-376 WINCHESTER PIKE,CR-371 NOE-BIXBY RD,1,0,59,996,0,0,88888888,88,88,88,88,8888,8888,0,0,0,0,0,0,0,0,8,0,0,9,8,0,0,0,2,8,8,0,2,99999,0
39,800,0,1,6,28,628,10,0,0,49,10132016,13,6,21,10,0,0,0,621,2016,5,0,88,88,8888,8,3,0,2,0,39.95356111,39,57,12.82,2,-83.10275278,83,6,9.91,0,71,1,6,24,624,1,1,1,1,1,0,1,0,1,2,0,0,0,US-40,.,1,0,59,90,2,1,10132016,13,6,31,10,631,2016,7,600,407,996,2,1,2,3,0,7,4,1,1,0,0,0,5,1,1,1,1,10,0
39,800,1,1,6,28,628,10,0,0,49,10132016,13,6,21,10,0,0,0,621,2016,5,0,88,88,8888,8,3,0,2,0,39.95356111,39,57,12.82,2,-83.10275278,83,6,9.91,0,71,1,6,24,624,1,1,1,1,1,0,1,0,1,2,0,0,0,US-40,.,1,0,31,996,0,0,88888888,88,88,88,88,8888,8888,0,0,0,0,0,0,0,0,8,0,0,9,8,0,0,0,1,0,0,0,1,99999,0
39,817,1,1,13,57,1357,1,0,0,49,10192016,19,13,51,10,0,0,0,1351,2016,4,0,88,88,8888,52,1,0,2,0,39.90430278,39,54,15.49,1,-83.07999722,83,4,47.99,0,352,1,13,52,1352,1,0,1,1,1,0,5,1,4,1,0,0,0,I-270,.,1,0,51,100,2,1,10192016,19,13,57,10,1357,2016,7,600,605,996,2,1,1,3,0,7,4,1,1,0,0,0,1,1,1,1,1,6,0
39,827,1,1,17,18,1718,1,0,5550,49,10092016,9,17,12,10,0,0,0,1712,2016,1,0,17,45,1745,59,2,7,2,0,40.07994722,40,4,47.81,1,-82.77875278,82,46,43.51,0,229,1,17,14,1714,1,0,2,1,1,0,1,0,4,3,0,0,1,SR-161,.,1,0,33,996,0,0,88888888,88,88,88,88,8888,8888,0,0,0,0,0,0,0,0,8,0,2,9,8,0,0,0,1,0,0,0,1,99999,5
39,827,1,2,17,18,1718,1,0,5550,49,10092016,9,17,12,10,0,0,0,1712,2016,1,0,17,45,1745,59,2,7,2,0,40.07994722,40,4,47.81,1,-82.77875278,82,46,43.51,0,229,1,17,14,1714,1,0,2,1,1,0,1,0,4,3,0,0,1,SR-161,.,1,0,32,0,2,1,10092016,9,17,57,10,1757,2016,0,151,996,0,2,1,3,0,0,7,4,9,8,0,0,0,2,8,8,1,1,45,5
39,847,1,1,9,32,932,1,0,3200,49,10172016,17,9,25,10,0,0,0,925,2016,2,0,10,12,1012,20,1,0,2,0,39.83985833,39,50,23.49,1,-83.09091111,83,5,27.28,0,60,1,9,23,923,1,0,5,2,1,0,5,1,8,1,0,0,0,I-71,.,1,4,41,0,2,1,10172016,17,9,36,10,936,2016,7,151,189,300,2,1,1,1,0,7,4,9,8,0,0,0,1,0,0,1,1,11,0
39,847,2,1,9,32,932,1,0,3200,49,10172016,17,9,25,10,0,0,0,925,2016,2,0,10,12,1012,20,1,0,2,0,39.83985833,39,50,23.49,1,-83.09091111,83,5,27.28,0,60,1,9,23,923,1,0,5,2,1,0,5,1,8,1,0,0,0,I-71,.,1,4,33,0,2,98,88888888,88,88,88,88,8888,8888,0,0,0,0,0,0,0,0,8,0,1,9,8,0,0,0,1,0,0,0,1,99999,5
39,847,2,2,9,32,932,1,0,3200,49,10172016,17,9,25,10,0,0,0,925,2016,2,0,10,12,1012,20,1,0,2,0,39.83985833,39,50,23.49,1,-83.09091111,83,5,27.28,0,60,1,9,23,923,1,0,5,2,1,0,5,1,8,1,0,0,0,I-71,.,1,4,50,996,0,0,88888888,88,88,88,88,8888,8888,0,0,0,0,0,0,0,0,8,0,0,9,8,0,0,0,2,8,8,0,1,99999,0
39,847,2,3,9,32,932,1,0,3200,49,10172016,17,9,25,10,0,0,0,925,2016,2,0,10,12,1012,20,1,0,2,0,39.83985833,39,50,23.49,1,-83.09091111,83,5,27.28,0,60,1,9,23,923,1,0,5,2,1,0,5,1,8,1,0,0,0,I-71,.,1,4,46,996,0,0,88888888,88,88,88,88,8888,8888,0,0,0,0,0,0,0,0,8,0,0,9,8,0,0,0,2,8,8,0,1,99999,0
39,847,2,4,9,32,932,1,0,3200,49,10172016,17,9,25,10,0,0,0,925,2016,2,0,10,12,1012,20,1,0,2,0,39.83985833,39,50,23.49,1,-83.09091111,83,5,27.28,0,60,1,9,23,923,1,0,5,2,1,0,5,1,8,1,0,0,0,I-71,.,1,4,22,996,0,0,88888888,88,88,88,88,8888,8888,0,0,0,0,0,0,0,0,8,0,0,9,8,0,0,0,2,8,8,0,1,99999,0
39,899,1,1,21,28,2128,1,0,1800,49,11112016,11,21,24,11,0,0,0,2124,2016,6,0,22,4,2204,12,5,0,2,0,39.88206944,39,52,55.45,3,-82.99828333,82,59,53.82,1,0,0,21,24,2124,1,0,4,3,4,0,2,0,1,6,0,0,1,OBETZ RD,SOUTHPOINT BLVD,3,0,54,40,2,1,11112016,11,22,42,11,2242,2016,0,300,996,0,2,1,8,0,0,7,4,9,8,0,0,0,1,0,0,1,1,118,5
39,899,2,1,21,28,2128,1,0,1800,49,11112016,11,21,24,11,0,0,0,2124,2016,6,0,22,4,2204,12,5,0,2,0,39.88206944,39,52,55.45,3,-82.99828333,82,59,53.82,1,0,0,21,24,2124,1,0,4,3,4,0,2,0,1,6,0,0,1,OBETZ RD,SOUTHPOINT BLVD,3,0,27,996,0,0,88888888,88,88,88,88,8888,8888,0,0,0,0,0,0,0,0,8,0,2,9,8,0,0,0,1,0,0,0,1,99999,5
39,899,3,1,21,28,2128,1,0,1800,49,11112016,11,21,24,11,0,0,0,2124,2016,6,0,22,4,2204,12,5,0,2,0,39.88206944,39,52,55.45,3,-82.99828333,82,59,53.82,1,0,0,21,24,2124,1,0,4,3,4,0,2,0,1,6,0,0,1,OBETZ RD,SOUTHPOINT BLVD,3,0,40,996,0,0,88888888,88,88,88,88,8888,8888,0,0,0,0,0,0,0,0,8,0,0,9,8,0,0,0,1,0,0,0,1,99999,0
39,899,3,2,21,28,2128,1,0,1800,49,11112016,11,21,24,11,0,0,0,2124,2016,6,0,22,4,2204,12,5,0,2,0,39.88206944,39,52,55.45,3,-82.99828333,82,59,53.82,1,0,0,21,24,2124,1,0,4,3,4,0,2,0,1,6,0,0,1,OBETZ RD,SOUTHPOINT BLVD,3,0,44,996,0,0,88888888,88,88,88,88,8888,8888,0,0,0,0,0,0,0,0,8,0,0,9,8,0,0,0,2,8,8,0,1,99999,0
39,901,0,1,14,28,1428,1,0,0,49,11042016,4,14,20,11,23,0,0,1420,2016,6,0,88,88,8888,8,1,0,2,0,40.002375,40,0,8.55,1,-82.92181944,82,55,18.55,0,0,1,14,20,1420,1,1,2,2,1,0,1,0,4,1,0,0,0,I-670 AIRPORT RD,.,1,0,46,0,2,1,11042016,4,14,27,11,1427,2016,7,996,0,0,2,3,0,0,0,7,4,9,8,0,0,0,5,0,0,2,2,7,0
39,901,1,1,14,28,1428,1,0,0,49,11042016,4,14,20,11,23,0,0,1420,2016,6,0,88,88,8888,8,1,0,2,0,40.002375,40,0,8.55,1,-82.92181944,82,55,18.55,0,0,1,14,20,1420,1,1,2,2,1,0,1,0,4,1,0,0,0,I-670 AIRPORT RD,.,1,0,38,0,2,1,88888888,88,88,88,88,8888,8888,0,407,402,0,2,1,1,0,8,0,1,1,1,0,0,0,1,1,0,0,2,99999,0
39,901,1,2,14,28,1428,1,0,0,49,11042016,4,14,20,11,23,0,0,1420,2016,6,0,88,88,8888,8,1,0,2,0,40.002375,40,0,8.55,1,-82.92181944,82,55,18.55,0,0,1,14,20,1420,1,1,2,2,1,0,1,0,4,1,0,0,0,I-670 AIRPORT RD,.,1,0,13,996,0,0,88888888,88,88,88,88,8888,8888,0,0,0,0,0,0,0,0,8,0,0,9,8,0,0,0,2,8,8,0,2,99999,0
39,915,0,1,22,3,2203,1,0,1800,49,11162016,16,21,55,11,0,0,0,2155,2016,4,0,88,88,8888,8,3,0,2,0,39.86790278,39,52,4.45,2,-83.00521667,83,0,18.78,0,45,1,21,58,2158,1,1,2,1,1,0,1,0,1,3,0,0,0,SR-23 HIGH ST,CR-121 RATHMEL RD,1,0,35,0,2,1,11162016,16,22,7,11,2207,2016,7,407,402,155,2,2,2,2,0,7,4,9,8,0,0,0,5,0,0,1,1,12,0
39,915,1,1,22,3,2203,1,0,1800,49,11162016,16,21,55,11,0,0,0,2155,2016,4,0,88,88,8888,8,3,0,2,0,39.86790278,39,52,4.45,2,-83.00521667,83,0,18.78,0,45,1,21,58,2158,1,1,2,1,1,0,1,0,1,3,0,0,0,SR-23 HIGH ST,CR-121 RATHMEL RD,1,0,39,996,0,0,88888888,88,88,88,88,8888,8888,0,0,0,0,0,0,0,0,8,0,0,9,8,0,0,0,1,0,0,0,1,99999,0
39,915,1,2,22,3,2203,1,0,1800,49,11162016,16,21,55,11,0,0,0,2155,2016,4,0,88,88,8888,8,3,0,2,0,39.86790278,39,52,4.45,2,-83.00521667,83,0,18.78,0,45,1,21,58,2158,1,1,2,1,1,0,1,0,1,3,0,0,0,SR-23 HIGH ST,CR-121 RATHMEL RD,1,0,34,996,0,0,88888888,88,88,88,88,8888,8888,0,0,0,0,0,0,0,0,8,0,0,9,8,0,0,0,2,8,8,0,2,99999,0
39,972,1,1,4,16,416,1,0,1800,49,11062016,6,4,0,11,0,0,0,400,2016,1,0,4,21,421,21,3,0,2,0,39.91655833,39,54,59.61,3,-82.88056667,82,52,50.04,0,110,1,4,5,405,1,0,2,1,1,0,1,0,4,3,0,0,0,SR-317 HAMILTON RD,.,1,0,36,10,2,1,11062016,6,4,18,11,418,2016,7,600,998,996,2,1,1,1,0,7,4,9,8,0,0,0,1,0,0,2,1,18,0
39,972,1,2,4,16,416,1,0,1800,49,11062016,6,4,0,11,0,0,0,400,2016,1,0,4,21,421,21,3,0,2,0,39.91655833,39,54,59.61,3,-82.88056667,82,52,50.04,0,110,1,4,5,405,1,0,2,1,1,0,1,0,4,3,0,0,0,SR-317 HAMILTON RD,.,1,0,28,996,0,0,88888888,88,88,88,88,8888,8888,0,0,0,0,0,0,0,0,8,0,3,9,8,0,0,0,2,8,8,0,2,99999,5
39,973,1,1,3,41,341,1,0,0,49,12102016,10,3,28,12,0,0,0,328,2016,7,0,88,88,8888,21,2,0,2,0,40.06321389,40,3,47.57,3,-83.03203056,83,1,55.31,0,63,1,3,30,330,1,0,1,1,1,0,1,0,4,3,0,0,1,SR-315,.,1,0,40,0,2,1,12102016,10,3,40,12,340,2016,7,1,0,0,2,1,0,0,0,7,4,9,8,0,0,0,1,8,8,2,1,12,0
39,985,1,1,3,15,315,1,0,1800,49,11282016,28,2,55,11,0,0,0,255,2016,2,0,3,35,335,12,3,0,2,0,39.81718889,39,49,1.88,2,-82.99875833,82,59,55.53,2,10,1,3,7,307,1,0,4,3,1,0,1,0,1,3,0,0,0,SR-23 HIGH ST,.,1,0,60,130,2,3,11282016,28,3,12,11,312,2016,7,600,996,0,2,1,1,0,0,7,4,9,8,0,0,0,1,0,0,2,2,17,0
39,985,2,1,3,15,315,1,0,1800,49,11282016,28,2,55,11,0,0,0,255,2016,2,0,3,35,335,12,3,0,2,0,39.81718889,39,49,1.88,2,-82.99875833,82,59,55.53,2,10,1,3,7,307,1,0,4,3,1,0,1,0,1,3,0,0,0,SR-23 HIGH ST,.,1,0,18,996,0,0,88888888,88,88,88,88,8888,8888,0,0,0,0,0,0,0,0,8,0,2,9,8,0,0,0,1,0,0,0,2,99999,5
39,985,2,2,3,15,315,1,0,1800,49,11282016,28,2,55,11,0,0,0,255,2016,2,0,3,35,335,12,3,0,2,0,39.81718889,39,49,1.88,2,-82.99875833,82,59,55.53,2,10,1,3,7,307,1,0,4,3,1,0,1,0,1,3,0,0,0,SR-23 HIGH ST,.,1,0,20,996,0,0,88888888,88,88,88,88,8888,8888,0,0,0,0,0,0,0,0,8,0,2,9,8,0,0,0,2,8,8,0,2,99999,5
39,985,3,1,3,15,315,1,0,1800,49,11282016,28,2,55,11,0,0,0,255,2016,2,0,3,35,335,12,3,0,2,0,39.81718889,39,49,1.88,2,-82.99875833,82,59,55.53,2,10,1,3,7,307,1,0,4,3,1,0,1,0,1,3,0,0,0,SR-23 HIGH ST,.,1,0,45,996,0,0,88888888,88,88,88,88,8888,8888,0,0,0,0,0,0,0,0,8,0,2,9,8,0,0,0,1,0,0,0,1,99999,5
39,994,1,1,12,32,1232,1,0,0,49,12012016,1,12,25,12,0,0,0,1225,2016,5,0,12,53,1253,33,4,0,2,0,39.90786111,39,54,28.3,1,-82.86505,82,51,54.18,0,0,0,12,27,1227,1,0,1,1,2,0,3,0,4,4,0,0,0,CR-371 NOE BIXBY RD,TR-2393 SEDALIA DR,2,0,94,0,2,1,12012016,1,13,24,12,1324,2016,0,996,0,0,2,3,0,0,0,7,4,9,8,0,0,0,1,0,0,1,2,59,5
39,1005,1,1,3,0,300,4,0,1800,49,12192016,19,2,51,12,0,0,0,251,2016,2,0,3,29,329,12,5,0,2,1,40.01171944,40,0,42.19,3,-82.92931111,82,55,45.52,1,0,0,2,55,255,1,0,3,3,4,0,1,0,1,6,0,0,1,N CASSADY AVE,.,1,0,24,208,2,1,88888888,88,88,88,88,8888,8888,0,0,0,0,0,0,0,0,8,0,1,9,8,0,0,0,1,0,1,0,1,99999,5
39,1005,2,1,3,0,300,4,0,1800,49,12192016,19,2,51,12,0,0,0,251,2016,2,0,3,29,329,12,5,0,2,1,40.01171944,40,0,42.19,3,-82.92931111,82,55,45.52,1,0,0,2,55,255,1,0,3,3,4,0,1,0,1,6,0,0,1,N CASSADY AVE,.,1,0,68,90,2,1,12192016,19,3,5,12,305,2016,7,1,0,0,2,1,0,0,0,7,4,9,8,0,0,0,1,0,0,2,2,14,0
39,1005,3,1,3,0,300,4,0,1800,49,12192016,19,2,51,12,0,0,0,251,2016,2,0,3,29,329,12,5,0,2,1,40.01171944,40,0,42.19,3,-82.92931111,82,55,45.52,1,0,0,2,55,255,1,0,3,3,4,0,1,0,1,6,0,0,1,N CASSADY AVE,.,1,0,61,996,0,0,88888888,88,88,88,88,8888,8888,0,0,0,0,0,0,0,0,8,0,1,9,8,0,0,0,1,0,0,0,1,99999,0
39,1008,1,1,0,5,5,1,0,1800,49,11132016,13,0,0,11,0,0,0,0,2016,1,0,0,58,58,21,4,0,2,0,39.91316389,39,54,47.39,3,-82.98518889,82,59,6.68,0,0,0,0,3,3,1,0,1,1,2,0,1,0,4,4,0,0,1,CR-124 PARSONS AVE,.,1,0,38,0,2,1,11132016,13,2,34,11,234,2016,0,417,151,996,2,1,1,1,0,7,4,9,8,0,0,0,1,0,0,1,1,234,5
39,1014,0,1,0,44,44,2,0,0,49,12172016,17,0,9,12,0,0,0,9,2016,7,0,1,13,113,14,1,0,2,0,39.89538889,39,53,43.4,3,-83.04536944,83,2,43.33,0,2,1,0,34,34,1,1,1,1,1,0,1,0,4,1,0,0,0,I-270,.,1,0,20,0,2,1,12172016,17,1,3,12,103,2016,0,605,996,0,2,1,1,0,0,7,4,1,8,0,0,0,5,0,0,1,2,54,5
39,1014,1,1,0,44,44,2,0,0,49,12172016,17,0,9,12,0,0,0,9,2016,7,0,1,13,113,14,1,0,2,0,39.89538889,39,53,43.4,3,-83.04536944,83,2,43.33,0,2,1,0,34,34,1,1,1,1,1,0,1,0,4,1,0,0,0,I-270,.,1,0,45,996,0,0,88888888,88,88,88,88,8888,8888,0,0,0,0,0,0,0,0,8,0,2,9,8,0,0,0,1,0,0,0,1,99999,5
39,1015,1,1,14,53,1453,10,0,1800,49,12182016,18,14,38,12,0,0,0,1438,2016,1,0,15,15,1515,12,5,0,2,0,40.06378056,40,3,49.61,1,-83.05695,83,3,25.02,2,0,0,14,46,1446,1,0,2,2,4,0,1,0,1,6,0,0,0,GODOWN RD,.,1,0,30,0,2,1,12182016,18,19,2,12,1902,2016,0,177,348,0,2,1,1,0,0,7,4,9,8,0,0,0,1,0,0,1,2,424,5
39,1015,2,1,14,53,1453,10,0,1800,49,12182016,18,14,38,12,0,0,0,1438,2016,1,0,15,15,1515,12,5,0,2,0,40.06378056,40,3,49.61,1,-83.05695,83,3,25.02,2,0,0,14,46,1446,1,0,2,2,4,0,1,0,1,6,0,0,0,GODOWN RD,.,1,0,73,996,0,0,88888888,88,88,88,88,8888,8888,0,0,0,0,0,0,0,0,8,0,3,9,8,0,0,0,1,0,0,0,1,99999,5
39,1030,1,1,15,48,1548,1,0,0,49,12242016,24,15,40,12,0,0,0,1540,2016,7,0,16,6,1606,12,1,9,2,0,39.90318611,39,54,11.47,1,-83.07133889,83,4,16.82,6,19,1,15,43,1543,4,0,4,2,1,0,1,0,1,1,0,0,0,I-270,.,1,0,38,200,2,1,12242016,24,15,51,12,1551,2016,7,605,600,0,2,1,1,0,0,7,4,9,8,0,0,0,1,8,8,1,1,11,0
39,1030,2,1,15,48,1548,1,0,0,49,12242016,24,15,40,12,0,0,0,1540,2016,7,0,16,6,1606,12,1,9,2,0,39.90318611,39,54,11.47,1,-83.07133889,83,4,16.82,6,19,1,15,43,1543,4,0,4,2,1,0,1,0,1,1,0,0,0,I-270,.,1,0,39,0,2,1,12242016,24,16,21,12,1621,2016,0,1,0,0,2,1,0,0,0,7,4,1,1,0,0,0,1,0,0,1,1,41,5
39,1030,2,2,15,48,1548,1,0,0,49,12242016,24,15,40,12,0,0,0,1540,2016,7,0,16,6,1606,12,1,9,2,0,39.90318611,39,54,11.47,1,-83.07133889,83,4,16.82,6,19,1,15,43,1543,4,0,4,2,1,0,1,0,1,1,0,0,0,I-270,.,1,0,41,996,0,0,12242016,24,17,5,12,1705,2016,0,0,0,0,0,0,0,0,0,7,4,9,8,0,0,0,2,8,8,1,2,125,5
39,1030,2,3,15,48,1548,1,0,0,49,12242016,24,15,40,12,0,0,0,1540,2016,7,0,16,6,1606,12,1,9,2,0,39.90318611,39,54,11.47,1,-83.07133889,83,4,16.82,6,19,1,15,43,1543,4,0,4,2,1,0,1,0,1,1,0,0,0,I-270,.,1,0,8,996,0,0,12252016,25,3,2,12,302,2016,0,0,0,0,0,0,0,0,0,7,4,9,8,0,0,0,2,8,8,1,2,1122,5
39,1038,0,1,2,59,259,10,0,1800,49,12182016,18,2,45,12,0,0,0,245,2016,1,0,3,7,307,8,4,0,2,0,39.94345556,39,56,36.44,3,-83.07874444,83,4,43.48,0,0,0,2,52,252,1,1,1,1,2,0,1,0,1,4,0,0,0,CR-143 SULLIVANT AVE,.,1,0,40,.,.,.,12182016,18,5,24,12,524,2016,0,.,.,.,.,.,.,.,0,4,4,1,1,0,0,0,5,1,1,19,1,239,5
39,1038,1,1,2,59,259,10,0,1800,49,12182016,18,2,45,12,0,0,0,245,2016,1,0,3,7,307,8,4,0,2,0,39.94345556,39,56,36.44,3,-83.07874444,83,4,43.48,0,0,0,2,52,252,1,1,1,1,2,0,1,0,1,4,0,0,0,CR-143 SULLIVANT AVE,.,1,0,999,996,0,0,88888888,88,88,88,88,8888,8888,0,0,0,0,0,0,0,0,8,0,9,9,8,0,0,0,1,8,8,0,9,99999,0
39,1057,0,1,16,21,1621,10,0,1800,49,12222016,22,16,15,12,0,0,0,1615,2016,5,0,17,12,1712,8,3,0,2,0,40.01020833,40,0,36.75,1,-83.01019722,83,0,36.71,0,0,1,16,17,1617,1,1,1,1,2,0,3,0,1,4,0,0,0,CR-600 HIGH ST,PATTERSON AVE,2,0,79,996,0,0,12252016,25,0,44,12,44,2016,0,0,0,0,0,0,0,0,0,7,4,9,8,0,0,0,5,0,0,1,1,5629,5
39,1057,1,1,16,21,1621,10,0,1800,49,12222016,22,16,15,12,0,0,0,1615,2016,5,0,17,12,1712,8,3,0,2,0,40.01020833,40,0,36.75,1,-83.01019722,83,0,36.71,0,0,1,16,17,1617,1,1,1,1,2,0,3,0,1,4,0,0,0,CR-600 HIGH ST,PATTERSON AVE,2,0,21,996,0,0,88888888,88,88,88,88,8888,8888,0,0,0,0,0,0,0,0,8,0,0,9,8,0,0,0,1,0,0,0,2,99999,0
39,1065,1,1,2,42,242,1,0,2270,49,12212016,21,2,30,12,0,0,0,230,2016,4,0,88,88,8888,1,4,0,2,0,40.13711389,40,8,13.61,3,-83.14735,83,8,50.46,0,0,0,2,36,236,1,0,1,1,4,0,1,0,4,6,0,0,0,MUIRFIELD DR,.,1,0,19,232,2,1,12212016,21,2,44,12,244,2016,7,605,407,402,2,1,1,1,0,7,4,9,8,0,0,0,1,8,8,1,1,14,0
