statenum,casenum,vnumber,pnumber,atmcond,atmcond2,city,county,accdate,accday,acchr,accmin,accmon,arf1,arf2,arf3,caseyear,dayofweek,fhevent,holiday,latitude,latdeg,latmin,latsec,lightcond,longitude,londeg,lonmin,lonsec,manncol,numfatal,vforms,schlbus,speeding,age,alcres,alcsts,alctst,drugres1,drugres2,drugres3,drugsts,drugtst1,drugtst2,drugtst3,injury,prf1,prf2,prf3,ptype,druginv,alcinvol,race,sex
39,2,1,1,1,0,1800,49,1032016,3,2,35,1,0,0,0,2016,1,43,1,39.97709722,39,58,37.55,3,-83.14895556,83,8,56.24,0,1,1,0,0,38,230,2,1,1,0,0,2,1,0,0,4,0,0,0,1,0,0,2,1
39,20,1,1,1,0,1800,49,1012016,1,14,0,1,0,0,0,2016,6,30,1,39.90298889,39,54,10.76,1,-83.18291111,83,10,58.48,0,1,1,0,0,55,130,2,1,600,996,0,2,1,3,0,4,0,0,0,1,0,1,1,1
39,24,1,1,1,0,1800,49,1032016,3,17,20,1,0,0,0,2016,1,12,1,39.99486111,39,59,41.5,5,-82.9497,82,56,58.92,7,1,3,0,1,51,270,2,1,402,996,0,2,1,3,0,4,0,0,0,1,1,1,2,1
39,24,2,1,1,0,1800,49,1032016,3,17,20,1,0,0,0,2016,1,12,1,39.99486111,39,59,41.5,5,-82.9497,82,56,58.92,7,1,3,0,1,20,996,0,0,0,0,0,0,0,0,0,1,0,0,0,1,0,0,0,1
39,24,2,2,1,0,1800,49,1032016,3,17,20,1,0,0,0,2016,1,12,1,39.99486111,39,59,41.5,5,-82.9497,82,56,58.92,7,1,3,0,1,17,996,0,0,0,0,0,0,0,0,0,0,0,0,0,2,8,8,0,2
39,24,2,3,1,0,1800,49,1032016,3,17,20,1,0,0,0,2016,1,12,1,39.99486111,39,59,41.5,5,-82.9497,82,56,58.92,7,1,3,0,1,2,996,0,0,0,0,0,0,0,0,0,0,0,0,0,2,8,8,0,2
39,24,3,1,1,0,1800,49,1032016,3,17,20,1,0,0,0,2016,1,12,1,39.99486111,39,59,41.5,5,-82.9497,82,56,58.92,7,1,3,0,1,19,996,0,0,0,0,0,0,0,0,0,3,0,0,0,1,0,0,0,2
39,24,3,2,1,0,1800,49,1032016,3,17,20,1,0,0,0,2016,1,12,1,39.99486111,39,59,41.5,5,-82.9497,82,56,58.92,7,1,3,0,1,18,996,0,0,0,0,0,0,0,0,0,3,0,0,0,2,0,0,0,1
39,24,3,3,1,0,1800,49,1032016,3,17,20,1,0,0,0,2016,1,12,1,39.99486111,39,59,41.5,5,-82.9497,82,56,58.92,7,1,3,0,1,16,996,0,0,0,0,0,0,0,0,0,3,0,0,0,2,8,8,0,2
39,33,1,1,1,0,1800,49,1202016,20,19,2,1,0,0,0,2016,4,12,0,40.03744722,40,2,14.81,2,-83.03245556,83,1,56.84,6,1,2,0,0,46,996,0,0,0,0,0,0,0,0,0,1,0,0,0,1,0,0,0,1
39,33,1,2,1,0,1800,49,1202016,20,19,2,1,0,0,0,2016,4,12,0,40.03744722,40,2,14.81,2,-83.03245556,83,1,56.84,6,1,2,0,0,50,0,2,1,407,402,996,2,3,3,3,4,0,0,0,2,8,8,1,2
39,33,2,1,1,0,1800,49,1202016,20,19,2,1,0,0,0,2016,4,12,0,40.03744722,40,2,14.81,2,-83.03245556,83,1,56.84,6,1,2,0,0,51,996,0,0,0,0,0,0,0,0,0,0,0,0,0,1,0,0,0,2
39,49,0,1,10,0,1800,49,1312016,31,18,17,1,0,0,0,2016,1,8,0,39.94478056,39,56,41.21,3,-82.87783056,82,52,40.19,0,1,1,0,0,40,250,2,1,348,177,0,2,1,1,0,4,0,0,0,5,0,0,1,1
39,49,1,1,10,0,1800,49,1312016,31,18,17,1,0,0,0,2016,1,8,0,39.94478056,39,56,41.21,3,-82.87783056,82,52,40.19,0,1,1,0,0,43,996,0,0,0,0,0,0,0,0,0,0,0,0,0,1,0,0,0,1
39,49,1,2,10,0,1800,49,1312016,31,18,17,1,0,0,0,2016,1,8,0,39.94478056,39,56,41.21,3,-82.87783056,82,52,40.19,0,1,1,0,0,43,996,0,0,0,0,0,0,0,0,0,0,0,0,0,2,8,8,0,1
39,53,1,1,2,0,0,49,2022016,2,22,7,2,0,0,0,2016,3,12,0,39.83046944,39,49,49.69,2,-83.05271944,83,3,9.79,6,1,2,0,0,22,0,2,1,1,0,0,2,1,0,0,4,0,0,0,1,0,0,98,2
39,53,2,1,2,0,0,49,2022016,2,22,7,2,0,0,0,2016,3,12,0,39.83046944,39,49,49.69,2,-83.05271944,83,3,9.79,6,1,2,0,0,35,0,2,1,1,0,0,2,1,0,0,1,0,0,0,1,0,0,0,1
39,63,0,1,1,0,1800,49,2202016,20,6,19,2,0,0,0,2016,7,8,0,40.01226111,40,0,44.14,3,-83.14034444,83,8,25.24,0,1,1,0,0,21,230,2,1,605,996,0,2,1,3,0,4,0,0,0,5,0,0,1,1
39,63,1,1,1,0,1800,49,2202016,20,6,19,2,0,0,0,2016,7,8,0,40.01226111,40,0,44.14,3,-83.14034444,83,8,25.24,0,1,1,0,0,51,996,0,0,0,0,0,0,0,0,0,0,0,0,0,1,0,0,0,1
39,69,1,1,1,0,1800,49,1302016,30,19,43,1,0,0,0,2016,7,12,0,39.95034722,39,57,1.25,3,-82.91538056,82,54,55.37,2,1,3,0,0,19,0,2,1,600,996,0,2,1,3,0,4,0,0,0,1,0,0,2,1
39,69,1,2,1,0,1800,49,1302016,30,19,43,1,0,0,0,2016,7,12,0,39.95034722,39,57,1.25,3,-82.91538056,82,54,55.37,2,1,3,0,0,17,996,0,0,0,0,0,0,0,0,0,3,0,0,0,2,8,8,0,1
39,69,1,3,1,0,1800,49,1302016,30,19,43,1,0,0,0,2016,7,12,0,39.95034722,39,57,1.25,3,-82.91538056,82,54,55.37,2,1,3,0,0,17,996,0,0,0,0,0,0,0,0,0,2,0,0,0,2,8,8,0,1
39,69,1,4,1,0,1800,49,1302016,30,19,43,1,0,0,0,2016,7,12,0,39.95034722,39,57,1.25,3,-82.91538056,82,54,55.37,2,1,3,0,0,16,996,0,0,0,0,0,0,0,0,0,3,0,0,0,2,8,8,0,1
39,69,2,1,1,0,1800,49,1302016,30,19,43,1,0,0,0,2016,7,12,0,39.95034722,39,57,1.25,3,-82.91538056,82,54,55.37,2,1,3,0,0,26,996,0,0,0,0,0,0,0,0,0,2,0,0,0,1,0,0,0,1
39,69,2,2,1,0,1800,49,1302016,30,19,43,1,0,0,0,2016,7,12,0,39.95034722,39,57,1.25,3,-82.91538056,82,54,55.37,2,1,3,0,0,25,996,0,0,0,0,0,0,0,0,0,2,0,0,0,2,8,8,0,2
39,69,2,3,1,0,1800,49,1302016,30,19,43,1,0,0,0,2016,7,12,0,39.95034722,39,57,1.25,3,-82.91538056,82,54,55.37,2,1,3,0,0,0,996,0,0,0,0,0,0,0,0,0,2,0,0,0,2,8,8,0,2
39,69,2,4,1,0,1800,49,1302016,30,19,43,1,0,0,0,2016,7,12,0,39.95034722,39,57,1.25,3,-82.91538056,82,54,55.37,2,1,3,0,0,1,996,0,0,0,0,0,0,0,0,0,2,0,0,0,2,8,8,0,1
39,69,3,1,1,0,1800,49,1302016,30,19,43,1,0,0,0,2016,7,12,0,39.95034722,39,57,1.25,3,-82.91538056,82,54,55.37,2,1,3,0,0,18,996,0,0,0,0,0,0,0,0,0,0,0,0,0,1,0,0,0,1
39,76,1,1,10,0,8730,49,2192016,19,18,39,2,0,0,0,2016,6,33,0,40.09853889,40,5,54.74,3,-82.88915556,82,53,20.96,0,1,1,0,0,59,0,2,1,605,0,0,2,1,0,0,4,0,0,0,1,8,8,1,1
39,79,1,1,10,0,1800,49,3022016,2,11,13,3,0,0,0,2016,4,20,0,39.97685,39,58,36.66,1,-83.119225,83,7,9.21,0,1,2,0,0,37,996,0,0,0,0,0,0,0,0,0,0,0,0,0,1,0,0,0,1
39,79,2,1,10,0,1800,49,3022016,2,11,13,3,0,0,0,2016,4,20,0,39.97685,39,58,36.66,1,-83.119225,83,7,9.21,0,1,2,0,0,34,0,2,1,996,996,0,2,3,3,0,4,0,0,0,1,0,0,1,2
39,89,1,1,10,0,0,49,2162016,16,11,20,2,0,0,0,2016,3,1,0,39.9044,39,54,15.84,1,-83.20984444,83,12,35.44,0,1,1,0,1,16,0,2,1,1,0,0,2,1,0,0,2,0,0,0,1,0,0,0,1
39,89,1,2,10,0,0,49,2162016,16,11,20,2,0,0,0,2016,3,1,0,39.9044,39,54,15.84,1,-83.20984444,83,12,35.44,0,1,1,0,1,14,0,2,1,1,0,0,2,2,0,0,4,0,0,0,2,8,8,2,1
39,89,1,3,10,0,0,49,2162016,16,11,20,2,0,0,0,2016,3,1,0,39.9044,39,54,15.84,1,-83.20984444,83,12,35.44,0,1,1,0,1,13,996,0,0,0,0,0,0,0,0,0,2,0,0,0,2,8,8,0,1
39,109,1,1,1,0,2270,49,2052016,5,22,34,2,0,0,0,2016,6,43,0,40.07770278,40,4,39.73,2,-83.15783056,83,9,28.19,0,1,1,0,0,36,0,2,1,1,0,0,2,3,0,0,4,0,0,0,1,0,1,2,1
39,112,1,1,10,0,1800,49,3112016,11,9,27,3,0,0,0,2016,6,12,0,39.95184722,39,57,6.65,1,-83.01231389,83,0,44.33,7,1,3,0,0,48,0,2,1,1,0,0,2,1,0,0,4,0,0,0,1,0,0,1,1
39,112,2,1,10,0,1800,49,3112016,11,9,27,3,0,0,0,2016,6,12,0,39.95184722,39,57,6.65,1,-83.01231389,83,0,44.33,7,1,3,0,0,22,996,0,0,0,0,0,0,0,0,0,0,0,0,0,1,0,0,0,2
39,112,3,1,10,0,1800,49,3112016,11,9,27,3,0,0,0,2016,6,12,0,39.95184722,39,57,6.65,1,-83.01231389,83,0,44.33,7,1,3,0,0,57,996,0,0,0,0,0,0,0,0,0,0,0,0,0,1,0,0,0,1
39,118,0,1,10,0,0,49,3122016,12,23,41,3,0,0,0,2016,7,9,0,39.93760278,39,56,15.37,2,-83.04203889,83,2,31.34,0,1,3,0,0,15,0,2,1,996,0,0,2,3,0,0,4,82,0,0,6,0,0,1,1
39,118,1,1,10,0,0,49,3122016,12,23,41,3,0,0,0,2016,7,9,0,39.93760278,39,56,15.37,2,-83.04203889,83,2,31.34,0,1,3,0,0,18,996,0,0,0,0,0,0,0,0,0,0,0,0,0,1,8,8,0,1
39,118,1,2,10,0,0,49,3122016,12,23,41,3,0,0,0,2016,7,9,0,39.93760278,39,56,15.37,2,-83.04203889,83,2,31.34,0,1,3,0,0,18,996,0,0,0,0,0,0,0,0,0,0,0,0,0,2,8,8,0,1
39,118,1,3,10,0,0,49,3122016,12,23,41,3,0,0,0,2016,7,9,0,39.93760278,39,56,15.37,2,-83.04203889,83,2,31.34,0,1,3,0,0,16,996,0,0,0,0,0,0,0,0,0,0,0,0,0,2,8,8,0,2
39,118,1,4,10,0,0,49,3122016,12,23,41,3,0,0,0,2016,7,9,0,39.93760278,39,56,15.37,2,-83.04203889,83,2,31.34,0,1,3,0,0,17,996,0,0,0,0,0,0,0,0,0,0,0,0,0,2,8,8,0,2
39,118,1,5,10,0,0,49,3122016,12,23,41,3,0,0,0,2016,7,9,0,39.93760278,39,56,15.37,2,-83.04203889,83,2,31.34,0,1,3,0,0,16,996,0,0,0,0,0,0,0,0,0,0,0,0,0,2,8,8,0,2
39,118,1,6,10,0,0,49,3122016,12,23,41,3,0,0,0,2016,7,9,0,39.93760278,39,56,15.37,2,-83.04203889,83,2,31.34,0,1,3,0,0,999,996,0,0,0,0,0,0,0,0,0,0,0,0,0,2,8,8,0,1
39,118,2,1,10,0,0,49,3122016,12,23,41,3,0,0,0,2016,7,9,0,39.93760278,39,56,15.37,2,-83.04203889,83,2,31.34,0,1,3,0,0,19,0,2,1,1,0,0,2,1,0,0,0,0,0,0,1,0,0,0,1
39,118,3,1,10,0,0,49,3122016,12,23,41,3,0,0,0,2016,7,9,0,39.93760278,39,56,15.37,2,-83.04203889,83,2,31.34,0,1,3,0,0,33,0,2,1,1,0,0,2,1,0,0,0,0,0,0,1,0,0,0,2
39,121,1,1,1,0,0,49,3072016,7,2,30,3,0,0,0,2016,2,30,0,39.88888889,39,53,20,2,-82.91688611,82,55,0.79,0,1,1,0,0,22,150,2,1,605,0,0,2,1,0,0,4,0,0,0,1,0,0,1,1
39,124,1,1,10,0,0,49,3162016,16,6,40,3,0,0,0,2016,4,12,0,40.08143889,40,4,53.18,4,-82.91844167,82,55,6.39,6,1,3,0,0,67,0,2,1,996,0,0,2,3,0,0,4,0,0,0,1,0,0,1,1
39,124,2,1,10,0,0,49,3162016,16,6,40,3,0,0,0,2016,4,12,0,40.08143889,40,4,53.18,4,-82.91844167,82,55,6.39,6,1,3,0,0,43,996,0,0,0,0,0,0,0,0,0,3,0,0,0,1,0,0,0,1
39,124,3,1,10,0,0,49,3162016,16,6,40,3,0,0,0,2016,4,12,0,40.08143889,40,4,53.18,4,-82.91844167,82,55,6.39,6,1,3,0,0,46,996,0,0,0,0,0,0,0,0,0,0,0,0,0,1,0,0,0,1
39,132,0,1,1,0,1800,49,3182016,18,18,59,3,15,0,0,2016,6,12,0,39.9458,39,56,44.88,1,-83.0613,83,3,40.68,1,1,2,0,0,15,996,0,0,0,0,0,0,0,0,0,0,0,0,0,5,0,0,0,2
39,132,1,1,1,0,1800,49,3182016,18,18,59,3,15,0,0,2016,6,12,0,39.9458,39,56,44.88,1,-83.0613,83,3,40.68,1,1,2,0,0,42,0,2,1,308,189,300,2,1,1,1,4,0,0,0,1,0,0,1,2
39,132,2,1,1,0,1800,49,3182016,18,18,59,3,15,0,0,2016,6,12,0,39.9458,39,56,44.88,1,-83.0613,83,3,40.68,1,1,2,0,0,47,996,0,0,0,0,0,0,0,0,0,1,0,0,0,1,0,0,0,1
39,132,2,2,1,0,1800,49,3182016,18,18,59,3,15,0,0,2016,6,12,0,39.9458,39,56,44.88,1,-83.0613,83,3,40.68,1,1,2,0,0,39,996,0,0,0,0,0,0,0,0,0,1,0,0,0,2,8,8,0,1
39,139,0,1,2,0,1800,49,3102016,10,19,15,3,0,0,0,2016,5,8,0,39.946175,39,56,46.23,3,-82.90215833,82,54,7.77,0,1,1,0,0,65,996,0,0,0,0,0,0,0,0,0,4,0,0,0,5,0,0,1,1
39,139,1,1,2,0,1800,49,3102016,10,19,15,3,0,0,0,2016,5,8,0,39.946175,39,56,46.23,3,-82.90215833,82,54,7.77,0,1,1,0,0,26,996,0,0,0,0,0,0,0,0,0,0,0,0,0,1,0,0,0,1
39,146,0,1,1,0,1800,49,2202016,20,0,42,2,0,0,0,2016,7,8,0,39.93146111,39,55,53.26,3,-82.99586111,82,59,45.1,0,1,1,0,0,59,250,2,1,605,0,0,2,1,0,0,4,0,0,0,5,0,1,1,1
39,146,1,1,1,0,1800,49,2202016,20,0,42,2,0,0,0,2016,7,8,0,39.93146111,39,55,53.26,3,-82.99586111,82,59,45.1,0,1,1,0,0,68,996,0,0,0,0,0,0,0,0,0,0,0,0,0,1,0,0,0,1
39,155,1,1,1,0,1800,49,3172016,17,21,36,3,0,0,0,2016,5,12,0,40.05853889,40,3,30.74,3,-82.93175,82,55,54.3,8,1,4,0,1,34,120,2,1,1,0,0,2,3,0,0,4,0,0,0,1,1,1,2,1
39,155,2,1,1,0,1800,49,3172016,17,21,36,3,0,0,0,2016,5,12,0,40.05853889,40,3,30.74,3,-82.93175,82,55,54.3,8,1,4,0,1,36,996,0,0,0,0,0,0,0,0,0,2,0,0,0,1,0,0,0,2
39,155,2,2,1,0,1800,49,3172016,17,21,36,3,0,0,0,2016,5,12,0,40.05853889,40,3,30.74,3,-82.93175,82,55,54.3,8,1,4,0,1,0,996,0,0,0,0,0,0,0,0,0,1,0,0,0,2,8,8,0,2
39,155,3,1,1,0,1800,49,3172016,17,21,36,3,0,0,0,2016,5,12,0,40.05853889,40,3,30.74,3,-82.93175,82,55,54.3,8,1,4,0,1,24,996,0,0,0,0,0,0,0,0,0,1,0,0,0,1,0,0,0,1
39,155,4,1,1,0,1800,49,3172016,17,21,36,3,0,0,0,2016,5,12,0,40.05853889,40,3,30.74,3,-82.93175,82,55,54.3,8,1,4,0,1,40,996,0,0,0,0,0,0,0,0,0,0,0,0,0,1,0,0,0,1
39,165,1,1,1,0,1800,49,3212016,21,6,11,3,0,0,0,2016,2,31,0,40.05806944,40,3,29.05,3,-82.97701944,82,58,37.27,0,1,1,0,0,20,160,2,1,605,996,0,2,1,2,0,4,0,0,0,1,0,0,2,2
39,173,1,1,2,0,1800,49,3312016,31,1,44,3,0,0,0,2016,5,35,0,40.02682222,40,1,36.56,3,-82.96451667,82,57,52.26,0,1,1,0,0,32,200,2,1,605,996,0,2,1,3,0,4,0,0,0,1,0,0,2,1
39,174,1,1,1,0,0,49,3212016,21,14,6,3,0,0,0,2016,2,12,0,39.86519167,39,51,54.69,1,-83.10809167,83,6,29.13,2,1,2,0,0,64,0,2,1,996,0,0,2,1,0,0,3,0,0,0,1,0,0,0,2
39,174,2,1,1,0,0,49,3212016,21,14,6,3,0,0,0,2016,2,12,0,39.86519167,39,51,54.69,1,-83.10809167,83,6,29.13,2,1,2,0,0,64,0,2,1,1,0,0,2,1,0,0,4,0,0,0,1,0,0,1,2
39,183,0,1,4,0,0,49,4092016,9,8,32,4,19,0,0,2016,7,23,0,39.87355833,39,52,24.81,1,-83.00225278,83,0,8.11,0,1,1,0,0,34,0,2,1,996,0,0,2,3,0,0,4,0,0,0,5,0,0,1,1
39,183,0,2,4,0,0,49,4092016,9,8,32,4,19,0,0,2016,7,23,0,39.87355833,39,52,24.81,1,-83.00225278,83,0,8.11,0,1,1,0,0,50,996,0,0,0,0,0,0,0,0,0,1,0,0,0,5,8,8,0,1
39,183,1,1,4,0,0,49,4092016,9,8,32,4,19,0,0,2016,7,23,0,39.87355833,39,52,24.81,1,-83.00225278,83,0,8.11,0,1,1,0,0,31,0,2,1,605,0,0,2,1,0,0,0,0,0,0,1,1,0,0,1
39,183,1,2,4,0,0,49,4092016,9,8,32,4,19,0,0,2016,7,23,0,39.87355833,39,52,24.81,1,-83.00225278,83,0,8.11,0,1,1,0,0,37,996,0,0,0,0,0,0,0,0,0,0,0,0,0,2,8,8,0,1
39,206,1,1,10,0,1800,49,4082016,8,1,34,4,0,0,0,2016,6,12,0,39.99359167,39,59,36.93,3,-83.1183,83,7,5.88,2,1,2,0,0,24,200,2,1,600,605,996,2,1,1,3,4,0,0,0,1,0,0,1,2
39,206,2,1,10,0,1800,49,4082016,8,1,34,4,0,0,0,2016,6,12,0,39.99359167,39,59,36.93,3,-83.1183,83,7,5.88,2,1,2,0,0,34,996,0,0,0,0,0,0,0,0,0,1,0,0,0,1,0,1,0,1
39,211,1,1,1,0,1800,49,4092016,9,2,57,4,20,0,0,2016,7,30,0,39.95636111,39,57,22.9,3,-82.90848889,82,54,30.56,0,1,1,0,1,27,110,2,1,996,0,0,2,3,0,0,4,0,0,0,1,0,0,2,1
39,211,1,2,1,0,1800,49,4092016,9,2,57,4,20,0,0,2016,7,30,0,39.95636111,39,57,22.9,3,-82.90848889,82,54,30.56,0,1,1,0,1,23,996,0,0,0,0,0,0,0,0,0,3,0,0,0,2,8,8,0,1
39,239,1,1,1,0,1800,49,5082016,8,0,12,5,0,0,0,2016,1,12,0,39.99963889,39,59,58.7,3,-82.9301,82,55,48.36,6,1,2,0,0,25,996,0,0,0,0,0,0,0,0,0,2,0,0,0,1,0,0,0,2
39,239,2,1,1,0,1800,49,5082016,8,0,12,5,0,0,0,2016,1,12,0,39.99963889,39,59,58.7,3,-82.9301,82,55,48.36,6,1,2,0,0,32,145,2,1,0,0,0,0,0,0,0,2,0,0,0,1,0,1,0,1
39,239,2,2,1,0,1800,49,5082016,8,0,12,5,0,0,0,2016,1,12,0,39.99963889,39,59,58.7,3,-82.9301,82,55,48.36,6,1,2,0,0,32,340,2,1,605,0,0,2,1,0,0,4,0,0,0,2,8,8,2,1
39,239,2,3,1,0,1800,49,5082016,8,0,12,5,0,0,0,2016,1,12,0,39.99963889,39,59,58.7,3,-82.9301,82,55,48.36,6,1,2,0,0,24,996,0,0,0,0,0,0,0,0,0,2,0,0,0,2,8,8,0,2
39,239,2,4,1,0,1800,49,5082016,8,0,12,5,0,0,0,2016,1,12,0,39.99963889,39,59,58.7,3,-82.9301,82,55,48.36,6,1,2,0,0,24,996,0,0,0,0,0,0,0,0,0,2,0,0,0,2,8,8,0,2
39,243,1,1,2,0,0,49,4302016,30,21,19,4,0,0,0,2016,7,30,0,39.86050833,39,51,37.83,2,-83.14045278,83,8,25.63,0,1,1,0,0,18,0,2,1,1,0,0,2,1,0,0,2,0,0,0,1,0,0,0,1
39,243,1,2,2,0,0,49,4302016,30,21,19,4,0,0,0,2016,7,30,0,39.86050833,39,51,37.83,2,-83.14045278,83,8,25.63,0,1,1,0,0,17,0,2,1,996,0,0,2,1,0,0,4,0,0,0,2,8,8,1,1
39,245,1,1,1,0,0,49,5052016,5,21,8,5,0,0,0,2016,5,12,0,39.88877222,39,53,19.58,2,-82.91322778,82,54,47.62,6,1,4,0,0,51,0,2,1,177,402,407,2,1,1,1,4,0,0,0,1,1,1,1,2
39,245,2,1,1,0,0,49,5052016,5,21,8,5,0,0,0,2016,5,12,0,39.88877222,39,53,19.58,2,-82.91322778,82,54,47.62,6,1,4,0,0,55,996,0,0,0,0,0,0,0,0,0,3,0,0,0,1,0,0,0,1
39,245,3,1,1,0,0,49,5052016,5,21,8,5,0,0,0,2016,5,12,0,39.88877222,39,53,19.58,2,-82.91322778,82,54,47.62,6,1,4,0,0,34,996,0,0,0,0,0,0,0,0,0,2,0,0,0,1,0,0,0,1
39,245,3,2,1,0,0,49,5052016,5,21,8,5,0,0,0,2016,5,12,0,39.88877222,39,53,19.58,2,-82.91322778,82,54,47.62,6,1,4,0,0,35,996,0,0,0,0,0,0,0,0,0,2,0,0,0,2,8,8,0,2
39,245,4,1,1,0,0,49,5052016,5,21,8,5,0,0,0,2016,5,12,0,39.88877222,39,53,19.58,2,-82.91322778,82,54,47.62,6,1,4,0,0,27,996,0,0,0,0,0,0,0,0,0,0,0,0,0,1,0,0,0,1
39,254,1,1,1,0,0,49,5112016,11,2,47,5,19,0,0,2016,4,1,0,39.81956944,39,49,10.45,2,-83.172325,83,10,20.37,0,1,2,0,0,49,0,2,1,417,401,996,2,3,1,3,4,0,0,0,1,0,0,1,1
39,254,2,1,1,0,0,49,5112016,11,2,47,5,19,0,0,2016,4,1,0,39.81956944,39,49,10.45,2,-83.172325,83,10,20.37,0,1,2,0,0,66,0,2,1,1,0,0,2,1,0,0,3,0,0,0,1,0,0,0,1
39,255,0,1,1,0,1800,49,5132016,13,15,44,5,16,0,0,2016,6,8,0,39.99356944,39,59,36.85,1,-83.00674167,83,0,24.27,0,1,1,0,0,54,0,2,1,996,0,0,2,1,0,0,4,0,0,0,5,0,0,1,2
39,255,1,1,1,0,1800,49,5132016,13,15,44,5,16,0,0,2016,6,8,0,39.99356944,39,59,36.85,1,-83.00674167,83,0,24.27,0,1,1,0,0,42,996,0,0,0,0,0,0,0,0,0,0,0,0,0,1,0,0,0,2
39,285,1,1,1,0,1800,49,5152016,15,20,18,5,0,0,0,2016,1,24,0,39.93652222,39,56,11.48,5,-82.87864167,82,52,43.11,0,1,1,0,0,26,996,0,0,0,0,0,0,0,0,0,2,0,0,0,1,0,0,0,2
39,285,1,2,1,0,1800,49,5152016,15,20,18,5,0,0,0,2016,1,24,0,39.93652222,39,56,11.48,5,-82.87864167,82,52,43.11,0,1,1,0,0,29,20,2,1,605,0,0,2,1,0,0,4,5,0,0,2,8,8,1,1
39,285,1,3,1,0,1800,49,5152016,15,20,18,5,0,0,0,2016,1,24,0,39.93652222,39,56,11.48,5,-82.87864167,82,52,43.11,0,1,1,0,0,4,996,0,0,0,0,0,0,0,0,0,2,0,0,0,2,8,8,0,2
39,309,1,1,1,0,0,49,5192016,19,13,47,5,0,0,0,2016,5,12,0,40.08227778,40,4,56.2,1,-82.90868333,82,54,31.26,7,1,2,0,0,46,0,2,1,1,0,0,2,1,0,0,4,0,0,0,1,0,0,1,1
39,309,2,1,1,0,0,49,5192016,19,13,47,5,0,0,0,2016,5,12,0,40.08227778,40,4,56.2,1,-82.90868333,82,54,31.26,7,1,2,0,0,36,996,0,0,0,0,0,0,0,0,0,0,0,0,0,1,0,0,0,1
39,310,1,1,2,0,1800,49,5202016,20,22,57,5,0,0,0,2016,6,12,0,39.95798889,39,57,28.76,3,-82.98311944,82,58,59.23,2,1,3,0,0,39,110,2,1,402,407,0,2,3,3,0,4,0,0,0,1,0,0,2,1
39,310,1,2,2,0,1800,49,5202016,20,22,57,5,0,0,0,2016,6,12,0,39.95798889,39,57,28.76,3,-82.98311944,82,58,59.23,2,1,3,0,0,39,996,0,0,0,0,0,0,0,0,0,3,0,0,0,2,8,8,0,2
39,310,2,1,2,0,1800,49,5202016,20,22,57,5,0,0,0,2016,6,12,0,39.95798889,39,57,28.76,3,-82.98311944,82,58,59.23,2,1,3,0,0,62,996,0,0,0,0,0,0,0,0,0,0,0,0,0,1,0,0,0,1
39,310,3,1,2,0,1800,49,5202016,20,22,57,5,0,0,0,2016,6,12,0,39.95798889,39,57,28.76,3,-82.98311944,82,58,59.23,2,1,3,0,0,32,996,0,0,0,0,0,0,0,0,0,2,0,0,0,1,0,0,0,1
39,333,1,1,1,0,1800,49,6102016,10,2,40,6,0,0,0,2016,6,30,0,40.06300278,40,3,46.81,2,-83.16091944,83,9,39.31,0,1,1,0,1,25,200,2,1,996,0,0,2,1,0,0,4,0,0,0,1,0,0,1,1
39,343,0,1,10,0,0,49,6022016,2,16,50,6,0,0,0,2016,5,53,0,40.03979167,40,2,23.25,1,-82.95092778,82,57,3.34,0,1,1,0,0,23,996,0,0,0,0,0,0,0,0,0,2,0,0,0,5,0,0,0,1
39,343,0,2,10,0,0,49,6022016,2,16,50,6,0,0,0,2016,5,53,0,40.03979167,40,2,23.25,1,-82.95092778,82,57,3.34,0,1,1,0,0,0,0,2,1,1,0,0,2,1,0,0,4,0,0,0,5,8,8,2,1
39,343,1,1,10,0,0,49,6022016,2,16,50,6,0,0,0,2016,5,53,0,40.03979167,40,2,23.25,1,-82.95092778,82,57,3.34,0,1,1,0,0,31,0,2,1,1,0,0,2,1,0,0,0,0,0,0,1,0,0,0,2
39,344,1,1,1,0,0,49,6032016,3,13,27,6,0,0,0,2016,6,12,0,39.85590278,39,51,21.25,1,-82.93835,82,56,18.06,6,1,2,0,0,66,0,2,1,996,0,0,2,1,0,0,0,0,0,0,1,0,0,0,2
39,344,2,1,1,0,0,49,6032016,3,13,27,6,0,0,0,2016,6,12,0,39.85590278,39,51,21.25,1,-82.93835,82,56,18.06,6,1,2,0,0,41,0,2,1,1,0,0,2,1,0,0,4,0,0,0,1,0,0,1,1
39,350,1,1,1,0,1800,49,6102016,10,20,19,6,0,0,0,2016,6,30,0,39.9244,39,55,27.84,1,-82.92226111,82,55,20.14,0,1,1,0,0,32,0,2,1,300,996,177,2,3,3,1,4,0,0,0,1,0,0,1,1
39,369,1,1,1,0,1800,49,6202016,20,2,25,6,0,0,0,2016,2,21,0,39.98508889,39,59,6.32,3,-82.95593056,82,57,21.35,0,1,1,0,0,38,996,0,0,0,0,0,0,0,0,0,4,0,0,0,1,0,0,2,1
39,381,1,1,1,0,0,49,6182016,18,19,2,6,0,0,0,2016,7,12,0,40.07858333,40,4,42.9,1,-82.92849722,82,55,42.59,6,1,2,0,1,48,0,2,1,1,0,0,2,1,0,0,1,0,0,0,1,0,0,0,1
39,381,2,1,1,0,0,49,6182016,18,19,2,6,0,0,0,2016,7,12,0,40.07858333,40,4,42.9,1,-82.92849722,82,55,42.59,6,1,2,0,1,27,60,2,1,1,0,0,2,2,0,0,4,0,0,0,1,0,0,1,1
39,388,0,1,1,0,1800,49,6102016,10,23,18,6,0,0,0,2016,6,8,0,39.94612222,39,56,46.04,3,-82.90227222,82,54,8.18,0,1,1,0,0,44,996,0,0,0,0,0,0,0,0,0,4,0,0,0,5,0,0,2,1
39,388,1,1,1,0,1800,49,6102016,10,23,18,6,0,0,0,2016,6,8,0,39.94612222,39,56,46.04,3,-82.90227222,82,54,8.18,0,1,1,0,0,72,996,0,0,0,0,0,0,0,0,0,0,0,0,0,1,0,0,0,2
39,388,1,2,1,0,1800,49,6102016,10,23,18,6,0,0,0,2016,6,8,0,39.94612222,39,56,46.04,3,-82.90227222,82,54,8.18,0,1,1,0,0,70,996,0,0,0,0,0,0,0,0,0,0,0,0,0,2,8,8,0,2
39,405,1,1,10,0,1800,49,6222016,22,10,54,6,0,0,0,2016,4,1,0,39.95366944,39,57,13.21,1,-82.96325,82,57,47.7,0,1,2,0,0,23,0,2,1,1,0,0,2,1,0,0,4,0,0,0,1,0,0,68,1
39,405,2,1,10,0,1800,49,6222016,22,10,54,6,0,0,0,2016,4,1,0,39.95366944,39,57,13.21,1,-82.96325,82,57,47.7,0,1,2,0,0,62,996,0,0,0,0,0,0,0,0,0,0,0,0,0,1,0,0,0,1
39,431,1,1,1,0,1800,49,6192016,19,9,22,6,0,0,0,2016,1,12,0,39.96673056,39,58,0.23,1,-83.0236,83,1,24.96,6,1,2,0,0,58,996,0,0,0,0,0,0,0,0,0,2,0,0,0,1,0,0,0,1
39,431,2,1,1,0,1800,49,6192016,19,9,22,6,0,0,0,2016,1,12,0,39.96673056,39,58,0.23,1,-83.0236,83,1,24.96,6,1,2,0,0,24,996,0,0,0,0,0,0,0,0,0,3,0,0,0,1,0,0,0,2
39,431,2,2,1,0,1800,49,6192016,19,9,22,6,0,0,0,2016,1,12,0,39.96673056,39,58,0.23,1,-83.0236,83,1,24.96,6,1,2,0,0,25,0,2,1,600,605,996,2,1,1,3,4,0,0,0,2,8,8,1,1
39,460,0,1,1,0,1800,49,6292016,29,22,58,6,23,0,0,2016,4,8,0,39.91737222,39,55,2.54,2,-83.04079722,83,2,26.87,0,1,1,0,0,54,0,2,1,996,0,0,2,1,0,0,4,0,0,0,5,0,0,1,1
39,460,1,1,1,0,1800,49,6292016,29,22,58,6,23,0,0,2016,4,8,0,39.91737222,39,55,2.54,2,-83.04079722,83,2,26.87,0,1,1,0,0,26,996,0,0,0,0,0,0,0,0,0,0,0,0,0,1,0,0,0,2
39,460,1,2,1,0,1800,49,6292016,29,22,58,6,23,0,0,2016,4,8,0,39.91737222,39,55,2.54,2,-83.04079722,83,2,26.87,0,1,1,0,0,26,996,0,0,0,0,0,0,0,0,0,0,0,0,0,2,8,8,0,2
39,468,1,1,1,0,1800,49,7162016,16,1,43,7,0,0,0,2016,7,25,0,39.95078056,39,57,2.81,3,-82.94425,82,56,39.3,0,1,1,0,0,23,220,2,1,402,996,407,2,3,3,2,4,0,0,0,1,0,1,2,2
39,493,1,1,1,0,1800,49,7022016,2,1,57,7,0,0,0,2016,7,34,5,40.112075,40,6,43.47,3,-82.97760833,82,58,39.39,0,1,1,0,1,48,240,2,1,189,996,0,2,1,3,0,4,0,0,0,1,0,1,2,1
39,497,0,1,1,0,1800,49,7112016,11,5,43,7,0,0,0,2016,2,8,0,39.92741111,39,55,38.68,4,-82.83131111,82,49,52.72,0,1,1,0,0,21,0,2,1,177,151,996,2,1,1,1,4,0,0,0,5,0,0,1,2
39,497,1,1,1,0,1800,49,7112016,11,5,43,7,0,0,0,2016,2,8,0,39.92741111,39,55,38.68,4,-82.83131111,82,49,52.72,0,1,1,0,0,999,996,0,0,0,0,0,0,0,0,0,0,0,0,0,1,0,0,0,9
39,500,1,1,1,0,1800,49,7202016,20,23,6,7,0,0,0,2016,4,12,0,39.95343889,39,57,12.38,3,-82.96106111,82,57,39.82,1,1,2,0,1,25,50,2,1,996,0,0,2,3,0,0,4,0,0,0,1,0,0,1,1
39,500,2,1,1,0,1800,49,7202016,20,23,6,7,0,0,0,2016,4,12,0,39.95343889,39,57,12.38,3,-82.96106111,82,57,39.82,1,1,2,0,1,29,996,0,0,0,0,0,0,0,0,0,0,0,0,0,1,0,0,0,2
39,511,1,1,10,0,0,49,7162016,16,1,44,7,0,0,0,2016,7,12,0,40.08210278,40,4,55.57,3,-82.91611667,82,54,58.02,1,1,2,0,0,37,49,2,1,605,0,0,2,1,0,0,0,0,0,0,1,0,1,0,1
39,511,2,1,10,0,0,49,7162016,16,1,44,7,0,0,0,2016,7,12,0,40.08210278,40,4,55.57,3,-82.91611667,82,54,58.02,1,1,2,0,0,39,996,0,0,0,0,0,0,0,0,0,3,0,0,0,1,0,0,0,1
39,511,2,2,10,0,0,49,7162016,16,1,44,7,0,0,0,2016,7,12,0,40.08210278,40,4,55.57,3,-82.91611667,82,54,58.02,1,1,2,0,0,45,50,2,1,996,0,0,2,3,0,0,4,0,0,0,2,8,8,1,2
39,525,1,1,10,0,1800,49,7232016,23,0,57,7,0,0,0,2016,7,53,0,40.03343056,40,2,0.35,2,-82.914625,82,54,52.65,0,1,1,0,0,27,0,2,1,605,0,0,2,1,0,0,4,0,0,0,1,1,0,2,1
39,527,1,1,1,0,1800,49,7292016,29,21,51,7,0,0,0,2016,6,12,0,39.92825,39,55,41.7,3,-82.9252,82,55,30.72,2,1,2,0,0,39,243,2,1,0,0,0,0,0,0,0,0,0,0,0,1,0,1,0,1
39,527,1,2,1,0,1800,49,7292016,29,21,51,7,0,0,0,2016,6,12,0,39.92825,39,55,41.7,3,-82.9252,82,55,30.72,2,1,2,0,0,21,996,0,0,0,0,0,0,0,0,0,2,0,0,0,2,8,8,0,2
39,527,2,1,1,0,1800,49,7292016,29,21,51,7,0,0,0,2016,6,12,0,39.92825,39,55,41.7,3,-82.9252,82,55,30.72,2,1,2,0,0,40,0,2,1,1,0,0,2,1,0,0,4,0,0,0,1,0,0,98,2
39,532,1,1,1,0,1800,49,8022016,2,3,9,8,0,0,0,2016,3,12,0,39.94206111,39,56,31.42,3,-82.96376111,82,57,49.54,2,1,2,0,0,38,190,2,1,177,0,0,2,1,0,0,4,0,0,0,1,0,0,2,1
39,532,2,1,1,0,1800,49,8022016,2,3,9,8,0,0,0,2016,3,12,0,39.94206111,39,56,31.42,3,-82.96376111,82,57,49.54,2,1,2,0,0,19,101,2,1,0,0,0,0,0,0,0,1,0,0,0,1,0,1,0,2
39,544,1,1,1,0,0,49,7242016,24,18,17,7,0,0,0,2016,1,34,0,39.89590278,39,53,45.25,1,-83.19826111,83,11,53.74,0,1,1,0,0,51,0,2,1,1,0,0,2,1,0,0,4,0,0,0,1,0,0,1,2
39,607,1,1,1,0,2270,49,8072016,7,14,29,8,0,0,0,2016,1,43,0,40.09883889,40,5,55.82,1,-83.10908056,83,6,32.69,0,1,1,0,0,45,0,2,1,996,0,0,2,3,0,0,4,0,0,0,1,8,8,1,1
39,608,1,1,1,0,0,49,8122016,12,11,24,8,0,0,0,2016,6,42,0,39.87556111,39,52,32.02,1,-83.00738056,83,0,26.57,0,1,1,0,0,55,996,0,0,0,0,0,0,0,0,0,4,0,0,0,1,0,0,1,1
39,610,1,1,10,0,0,49,8142016,14,23,51,8,0,0,0,2016,1,24,0,39.87459167,39,52,28.53,3,-83.000925,83,0,3.33,0,2,2,0,0,34,87,2,1,1,0,0,2,1,0,0,4,0,0,0,1,0,1,1,1
39,610,2,1,10,0,0,49,8142016,14,23,51,8,0,0,0,2016,1,24,0,39.87459167,39,52,28.53,3,-83.000925,83,0,3.33,0,2,2,0,0,46,996,0,0,0,0,0,0,0,0,0,3,0,0,0,1,0,0,0,1
39,610,2,2,10,0,0,49,8142016,14,23,51,8,0,0,0,2016,1,24,0,39.87459167,39,52,28.53,3,-83.000925,83,0,3.33,0,2,2,0,0,47,996,0,0,0,0,0,0,0,0,0,4,0,0,0,2,8,8,2,1
39,611,0,1,1,0,0,49,8192016,19,23,27,8,0,0,0,2016,6,8,0,40.04373056,40,2,37.43,3,-82.95921944,82,57,33.19,0,1,1,0,0,45,35,2,1,321,351,996,2,1,1,1,4,0,0,0,5,0,1,2,1
39,611,1,1,1,0,0,49,8192016,19,23,27,8,0,0,0,2016,6,8,0,40.04373056,40,2,37.43,3,-82.95921944,82,57,33.19,0,1,1,0,0,60,995,8,95,95,0,0,8,6,0,0,0,0,0,0,1,0,0,0,1
39,659,1,1,1,0,1800,49,9012016,1,23,37,9,0,0,0,2016,5,33,0,40.07527222,40,4,30.98,2,-83.1033,83,6,11.88,0,1,1,0,0,40,180,2,1,996,0,0,2,1,0,0,4,0,0,0,1,0,1,1,1
39,660,1,1,1,0,5550,49,9012016,1,21,27,9,0,0,0,2016,5,38,0,40.05790833,40,3,28.47,2,-82.81076111,82,48,38.74,0,1,1,0,0,36,0,2,1,605,996,0,2,1,1,0,4,0,0,0,1,1,0,1,1
39,684,0,1,1,0,1800,49,8102016,10,18,4,8,0,0,0,2016,4,9,0,39.94509167,39,56,42.33,1,-82.8828,82,52,58.08,0,1,1,0,0,69,0,2,1,402,996,407,2,3,3,2,4,0,0,0,6,0,0,1,1
39,684,1,1,1,0,1800,49,8102016,10,18,4,8,0,0,0,2016,4,9,0,39.94509167,39,56,42.33,1,-82.8828,82,52,58.08,0,1,1,0,0,41,996,0,0,0,0,0,0,0,0,0,0,0,0,0,1,0,0,0,2
39,700,1,1,1,0,1800,49,9082016,8,0,50,9,0,0,0,2016,5,33,0,40.04285,40,2,34.26,2,-83.03343889,83,2,0.38,0,1,1,0,1,50,200,2,1,996,0,0,2,1,0,0,4,0,0,0,1,0,0,1,1
39,701,1,1,1,0,1800,49,9102016,10,12,13,9,0,0,0,2016,7,12,0,39.99076667,39,59,26.76,1,-83.02595278,83,1,33.43,6,1,2,0,1,25,0,2,1,996,0,0,2,1,0,0,4,0,0,0,1,0,0,1,1
39,701,2,1,1,0,1800,49,9102016,10,12,13,9,0,0,0,2016,7,12,0,39.99076667,39,59,26.76,1,-83.02595278,83,1,33.43,6,1,2,0,1,77,996,0,0,0,0,0,0,0,0,0,0,0,0,0,1,0,0,0,2
39,706,0,1,1,0,1800,49,9112016,11,17,20,9,0,0,0,2016,1,8,0,40.08995,40,5,23.82,1,-82.94445833,82,56,40.05,0,1,1,0,0,6,0,2,1,1,0,0,2,3,0,0,4,0,0,0,5,0,0,2,1
39,706,1,1,1,0,1800,49,9112016,11,17,20,9,0,0,0,2016,1,8,0,40.08995,40,5,23.82,1,-82.94445833,82,56,40.05,0,1,1,0,0,24,996,0,0,0,0,0,0,0,0,0,0,0,0,0,1,0,0,0,1
39,709,0,1,1,0,1800,49,8302016,30,7,57,8,0,0,0,2016,3,8,0,39.99058056,39,59,26.09,1,-83.01753889,83,1,3.14,0,1,1,0,0,64,0,2,1,1,0,0,2,1,0,0,4,0,0,0,5,0,0,18,1
39,709,1,1,1,0,1800,49,8302016,30,7,57,8,0,0,0,2016,3,8,0,39.99058056,39,59,26.09,1,-83.01753889,83,1,3.14,0,1,1,0,0,19,996,0,0,0,0,0,0,0,0,0,0,0,0,0,1,0,0,0,2
39,724,1,1,1,0,0,49,9162016,16,15,46,9,14,0,0,2016,6,12,0,39.886925,39,53,12.93,1,-83.02921389,83,1,45.17,1,2,5,0,0,39,0,2,1,1,0,0,2,1,0,0,1,0,0,0,1,1,0,0,1
39,724,2,1,1,0,0,49,9162016,16,15,46,9,14,0,0,2016,6,12,0,39.886925,39,53,12.93,1,-83.02921389,83,1,45.17,1,2,5,0,0,41,996,0,0,0,0,0,0,0,0,0,2,0,0,0,1,0,0,0,1
39,724,2,2,1,0,0,49,9162016,16,15,46,9,14,0,0,2016,6,12,0,39.886925,39,53,12.93,1,-83.02921389,83,1,45.17,1,2,5,0,0,39,996,0,0,0,0,0,0,0,0,0,1,0,0,0,2,8,8,0,2
39,724,2,3,1,0,0,49,9162016,16,15,46,9,14,0,0,2016,6,12,0,39.886925,39,53,12.93,1,-83.02921389,83,1,45.17,1,2,5,0,0,1,996,0,0,0,0,0,0,0,0,0,3,0,0,0,2,8,8,0,1
39,724,2,4,1,0,0,49,9162016,16,15,46,9,14,0,0,2016,6,12,0,39.886925,39,53,12.93,1,-83.02921389,83,1,45.17,1,2,5,0,0,9,996,0,0,0,0,0,0,0,0,0,4,0,0,0,2,8,8,1,2
39,724,2,5,1,0,0,49,9162016,16,15,46,9,14,0,0,2016,6,12,0,39.886925,39,53,12.93,1,-83.02921389,83,1,45.17,1,2,5,0,0,7,996,0,0,0,0,0,0,0,0,0,4,0,0,0,2,8,8,1,2
39,724,2,6,1,0,0,49,9162016,16,15,46,9,14,0,0,2016,6,12,0,39.886925,39,53,12.93,1,-83.02921389,83,1,45.17,1,2,5,0,0,4,996,0,0,0,0,0,0,0,0,0,1,0,0,0,2,8,8,0,1
39,724,3,1,1,0,0,49,9162016,16,15,46,9,14,0,0,2016,6,12,0,39.886925,39,53,12.93,1,-83.02921389,83,1,45.17,1,2,5,0,0,15,996,0,0,0,0,0,0,0,0,0,2,0,0,0,1,0,0,0,1
39,724,3,2,1,0,0,49,9162016,16,15,46,9,14,0,0,2016,6,12,0,39.886925,39,53,12.93,1,-83.02921389,83,1,45.17,1,2,5,0,0,50,996,0,0,0,0,0,0,0,0,0,1,0,0,0,2,8,8,0,1
39,724,4,1,1,0,0,49,9162016,16,15,46,9,14,0,0,2016,6,12,0,39.886925,39,53,12.93,1,-83.02921389,83,1,45.17,1,2,5,0,0,56,996,0,0,0,0,0,0,0,0,0,0,0,0,0,1,0,0,0,1
39,724,4,2,1,0,0,49,9162016,16,15,46,9,14,0,0,2016,6,12,0,39.886925,39,53,12.93,1,-83.02921389,83,1,45.17,1,2,5,0,0,51,996,0,0,0,0,0,0,0,0,0,0,0,0,0,2,8,8,0,2
39,724,4,3,1,0,0,49,9162016,16,15,46,9,14,0,0,2016,6,12,0,39.886925,39,53,12.93,1,-83.02921389,83,1,45.17,1,2,5,0,0,20,996,0,0,0,0,0,0,0,0,0,0,0,0,0,2,8,8,0,2
39,724,5,1,1,0,0,49,9162016,16,15,46,9,14,0,0,2016,6,12,0,39.886925,39,53,12.93,1,-83.02921389,83,1,45.17,1,2,5,0,0,42,996,0,0,0,0,0,0,0,0,0,0,0,0,0,1,0,0,0,1
39,756,0,1,1,0,1800,49,9222016,22,6,48,9,0,0,0,2016,5,8,0,40.07176667,40,4,18.36,4,-82.97657222,82,58,35.66,0,1,2,0,0,11,0,2,1,1,0,0,2,1,0,0,4,0,0,0,5,0,0,2,1
39,756,1,1,1,0,1800,49,9222016,22,6,48,9,0,0,0,2016,5,8,0,40.07176667,40,4,18.36,4,-82.97657222,82,58,35.66,0,1,2,0,0,65,996,0,0,0,0,0,0,0,0,0,0,0,0,0,1,0,0,0,1
39,756,2,1,1,0,1800,49,9222016,22,6,48,9,0,0,0,2016,5,8,0,40.07176667,40,4,18.36,4,-82.97657222,82,58,35.66,0,1,2,0,0,55,996,0,0,0,0,0,0,0,0,0,0,0,0,0,1,0,0,0,1
39,793,0,1,1,0,1800,49,5112016,11,2,25,5,0,0,0,2016,4,8,0,40.05196111,40,3,7.06,3,-83.03286111,83,1,58.3,0,1,1,0,0,18,0,2,1,605,996,0,2,1,1,0,4,0,0,0,5,1,0,2,1
39,793,1,1,1,0,1800,49,5112016,11,2,25,5,0,0,0,2016,4,8,0,40.05196111,40,3,7.06,3,-83.03286111,83,1,58.3,0,1,1,0,0,34,996,0,0,0,0,0,0,0,0,0,0,0,0,0,1,0,0,0,1
39,795,1,1,10,0,0,49,10092016,9,20,14,10,0,0,0,2016,1,12,7,39.84441111,39,50,39.88,2,-83.18513333,83,11,6.48,2,2,2,0,0,45,220,2,1,189,188,996,2,1,1,1,4,0,0,0,1,1,1,1,1
39,795,1,2,10,0,0,49,10092016,9,20,14,10,0,0,0,2016,1,12,7,39.84441111,39,50,39.88,2,-83.18513333,83,11,6.48,2,2,2,0,0,42,0,2,1,996,0,0,2,1,0,0,4,0,0,0,2,8,8,1,2
39,795,2,1,10,0,0,49,10092016,9,20,14,10,0,0,0,2016,1,12,7,39.84441111,39,50,39.88,2,-83.18513333,83,11,6.48,2,2,2,0,0,35,996,0,0,0,0,0,0,0,0,0,2,0,0,0,1,0,0,0,1
39,797,0,1,1,0,1800,49,9262016,26,5,40,9,0,0,0,2016,2,8,0,39.89596111,39,53,45.46,3,-82.87420833,82,52,27.15,0,1,1,0,0,19,996,0,0,0,0,0,0,0,0,0,4,0,0,0,5,0,0,1,2
39,797,1,1,1,0,1800,49,9262016,26,5,40,9,0,0,0,2016,2,8,0,39.89596111,39,53,45.46,3,-82.87420833,82,52,27.15,0,1,1,0,0,29,996,0,0,0,0,0,0,0,0,0,0,0,0,0,1,0,0,0,1
39,797,1,2,1,0,1800,49,9262016,26,5,40,9,0,0,0,2016,2,8,0,39.89596111,39,53,45.46,3,-82.87420833,82,52,27.15,0,1,1,0,0,59,996,0,0,0,0,0,0,0,0,0,0,0,0,0,2,8,8,0,2
39,800,0,1,10,0,0,49,10132016,13,6,21,10,0,0,0,2016,5,8,0,39.95356111,39,57,12.82,2,-83.10275278,83,6,9.91,0,1,1,0,0,59,90,2,1,600,407,996,2,1,2,3,4,0,0,0,5,1,1,1,1
39,800,1,1,10,0,0,49,10132016,13,6,21,10,0,0,0,2016,5,8,0,39.95356111,39,57,12.82,2,-83.10275278,83,6,9.91,0,1,1,0,0,31,996,0,0,0,0,0,0,0,0,0,0,0,0,0,1,0,0,0,1
39,817,1,1,1,0,0,49,10192016,19,13,51,10,0,0,0,2016,4,52,0,39.90430278,39,54,15.49,1,-83.07999722,83,4,47.99,0,1,1,0,0,51,100,2,1,600,605,996,2,1,1,3,4,0,0,0,1,1,1,1,1
39,827,1,1,1,0,5550,49,10092016,9,17,12,10,0,0,0,2016,1,59,7,40.07994722,40,4,47.81,1,-82.77875278,82,46,43.51,0,1,1,0,1,33,996,0,0,0,0,0,0,0,0,0,2,0,0,0,1,0,0,0,1
39,827,1,2,1,0,5550,49,10092016,9,17,12,10,0,0,0,2016,1,59,7,40.07994722,40,4,47.81,1,-82.77875278,82,46,43.51,0,1,1,0,1,32,0,2,1,151,996,0,2,1,3,0,4,0,0,0,2,8,8,1,1
39,847,1,1,1,0,3200,49,10172016,17,9,25,10,0,0,0,2016,2,20,0,39.83985833,39,50,23.49,1,-83.09091111,83,5,27.28,0,1,2,0,0,41,0,2,1,151,189,300,2,1,1,1,4,0,0,0,1,0,0,1,1
39,847,2,1,1,0,3200,49,10172016,17,9,25,10,0,0,0,2016,2,20,0,39.83985833,39,50,23.49,1,-83.09091111,83,5,27.28,0,1,2,0,0,33,0,2,98,0,0,0,0,0,0,0,1,0,0,0,1,0,0,0,1
39,847,2,2,1,0,3200,49,10172016,17,9,25,10,0,0,0,2016,2,20,0,39.83985833,39,50,23.49,1,-83.09091111,83,5,27.28,0,1,2,0,0,50,996,0,0,0,0,0,0,0,0,0,0,0,0,0,2,8,8,0,1
39,847,2,3,1,0,3200,49,10172016,17,9,25,10,0,0,0,2016,2,20,0,39.83985833,39,50,23.49,1,-83.09091111,83,5,27.28,0,1,2,0,0,46,996,0,0,0,0,0,0,0,0,0,0,0,0,0,2,8,8,0,1
39,847,2,4,1,0,3200,49,10172016,17,9,25,10,0,0,0,2016,2,20,0,39.83985833,39,50,23.49,1,-83.09091111,83,5,27.28,0,1,2,0,0,22,996,0,0,0,0,0,0,0,0,0,0,0,0,0,2,8,8,0,1
39,899,1,1,1,0,1800,49,11112016,11,21,24,11,0,0,0,2016,6,12,0,39.88206944,39,52,55.45,3,-82.99828333,82,59,53.82,1,1,3,0,1,54,40,2,1,300,996,0,2,1,8,0,4,0,0,0,1,0,0,1,1
39,899,2,1,1,0,1800,49,11112016,11,21,24,11,0,0,0,2016,6,12,0,39.88206944,39,52,55.45,3,-82.99828333,82,59,53.82,1,1,3,0,1,27,996,0,0,0,0,0,0,0,0,0,2,0,0,0,1,0,0,0,1
39,899,3,1,1,0,1800,49,11112016,11,21,24,11,0,0,0,2016,6,12,0,39.88206944,39,52,55.45,3,-82.99828333,82,59,53.82,1,1,3,0,1,40,996,0,0,0,0,0,0,0,0,0,0,0,0,0,1,0,0,0,1
39,899,3,2,1,0,1800,49,11112016,11,21,24,11,0,0,0,2016,6,12,0,39.88206944,39,52,55.45,3,-82.99828333,82,59,53.82,1,1,3,0,1,44,996,0,0,0,0,0,0,0,0,0,0,0,0,0,2,8,8,0,1
39,901,0,1,1,0,0,49,11042016,4,14,20,11,23,0,0,2016,6,8,0,40.002375,40,0,8.55,1,-82.92181944,82,55,18.55,0,1,2,0,0,46,0,2,1,996,0,0,2,3,0,0,4,0,0,0,5,0,0,2,2
39,901,1,1,1,0,0,49,11042016,4,14,20,11,23,0,0,2016,6,8,0,40.002375,40,0,8.55,1,-82.92181944,82,55,18.55,0,1,2,0,0,38,0,2,1,407,402,0,2,1,1,0,1,0,0,0,1,1,0,0,2
39,901,1,2,1,0,0,49,11042016,4,14,20,11,23,0,0,2016,6,8,0,40.002375,40,0,8.55,1,-82.92181944,82,55,18.55,0,1,2,0,0,13,996,0,0,0,0,0,0,0,0,0,0,0,0,0,2,8,8,0,2
39,915,0,1,1,0,1800,49,11162016,16,21,55,11,0,0,0,2016,4,8,0,39.86790278,39,52,4.45,2,-83.00521667,83,0,18.78,0,1,1,0,0,35,0,2,1,407,402,155,2,2,2,2,4,0,0,0,5,0,0,1,1
39,915,1,1,1,0,1800,49,11162016,16,21,55,11,0,0,0,2016,4,8,0,39.86790278,39,52,4.45,2,-83.00521667,83,0,18.78,0,1,1,0,0,39,996,0,0,0,0,0,0,0,0,0,0,0,0,0,1,0,0,0,1
39,915,1,2,1,0,1800,49,11162016,16,21,55,11,0,0,0,2016,4,8,0,39.86790278,39,52,4.45,2,-83.00521667,83,0,18.78,0,1,1,0,0,34,996,0,0,0,0,0,0,0,0,0,0,0,0,0,2,8,8,0,2
39,972,1,1,1,0,1800,49,11062016,6,4,0,11,0,0,0,2016,1,21,0,39.91655833,39,54,59.61,3,-82.88056667,82,52,50.04,0,1,1,0,0,36,10,2,1,600,998,996,2,1,1,1,4,0,0,0,1,0,0,2,1
39,972,1,2,1,0,1800,49,11062016,6,4,0,11,0,0,0,2016,1,21,0,39.91655833,39,54,59.61,3,-82.88056667,82,52,50.04,0,1,1,0,0,28,996,0,0,0,0,0,0,0,0,0,3,0,0,0,2,8,8,0,2
39,973,1,1,1,0,0,49,12102016,10,3,28,12,0,0,0,2016,7,21,0,40.06321389,40,3,47.57,3,-83.03203056,83,1,55.31,0,1,1,0,1,40,0,2,1,1,0,0,2,1,0,0,4,0,0,0,1,8,8,2,1
39,985,1,1,1,0,1800,49,11282016,28,2,55,11,0,0,0,2016,2,12,0,39.81718889,39,49,1.88,2,-82.99875833,82,59,55.53,2,1,3,0,0,60,130,2,3,600,996,0,2,1,1,0,4,0,0,0,1,0,0,2,2
39,985,2,1,1,0,1800,49,11282016,28,2,55,11,0,0,0,2016,2,12,0,39.81718889,39,49,1.88,2,-82.99875833,82,59,55.53,2,1,3,0,0,18,996,0,0,0,0,0,0,0,0,0,2,0,0,0,1,0,0,0,2
39,985,2,2,1,0,1800,49,11282016,28,2,55,11,0,0,0,2016,2,12,0,39.81718889,39,49,1.88,2,-82.99875833,82,59,55.53,2,1,3,0,0,20,996,0,0,0,0,0,0,0,0,0,2,0,0,0,2,8,8,0,2
39,985,3,1,1,0,1800,49,11282016,28,2,55,11,0,0,0,2016,2,12,0,39.81718889,39,49,1.88,2,-82.99875833,82,59,55.53,2,1,3,0,0,45,996,0,0,0,0,0,0,0,0,0,2,0,0,0,1,0,0,0,1
39,994,1,1,1,0,0,49,12012016,1,12,25,12,0,0,0,2016,5,33,0,39.90786111,39,54,28.3,1,-82.86505,82,51,54.18,0,1,1,0,0,94,0,2,1,996,0,0,2,3,0,0,4,0,0,0,1,0,0,1,2
39,1005,1,1,4,0,1800,49,12192016,19,2,51,12,0,0,0,2016,2,12,0,40.01171944,40,0,42.19,3,-82.92931111,82,55,45.52,1,1,3,0,1,24,208,2,1,0,0,0,0,0,0,0,1,0,0,0,1,0,1,0,1
39,1005,2,1,4,0,1800,49,12192016,19,2,51,12,0,0,0,2016,2,12,0,40.01171944,40,0,42.19,3,-82.92931111,82,55,45.52,1,1,3,0,1,68,90,2,1,1,0,0,2,1,0,0,4,0,0,0,1,0,0,2,2
39,1005,3,1,4,0,1800,49,12192016,19,2,51,12,0,0,0,2016,2,12,0,40.01171944,40,0,42.19,3,-82.92931111,82,55,45.52,1,1,3,0,1,61,996,0,0,0,0,0,0,0,0,0,1,0,0,0,1,0,0,0,1
39,1008,1,1,1,0,1800,49,11132016,13,0,0,11,0,0,0,2016,1,21,0,39.91316389,39,54,47.39,3,-82.98518889,82,59,6.68,0,1,1,0,1,38,0,2,1,417,151,996,2,1,1,1,4,0,0,0,1,0,0,1,1
39,1014,0,1,2,0,0,49,12172016,17,0,9,12,0,0,0,2016,7,14,0,39.89538889,39,53,43.4,3,-83.04536944,83,2,43.33,0,1,1,0,0,20,0,2,1,605,996,0,2,1,1,0,4,0,0,0,5,0,0,1,2
39,1014,1,1,2,0,0,49,12172016,17,0,9,12,0,0,0,2016,7,14,0,39.89538889,39,53,43.4,3,-83.04536944,83,2,43.33,0,1,1,0,0,45,996,0,0,0,0,0,0,0,0,0,2,0,0,0,1,0,0,0,1
39,1015,1,1,10,0,1800,49,12182016,18,14,38,12,0,0,0,2016,1,12,0,40.06378056,40,3,49.61,1,-83.05695,83,3,25.02,2,1,2,0,0,30,0,2,1,177,348,0,2,1,1,0,4,0,0,0,1,0,0,1,2
39,1015,2,1,10,0,1800,49,12182016,18,14,38,12,0,0,0,2016,1,12,0,40.06378056,40,3,49.61,1,-83.05695,83,3,25.02,2,1,2,0,0,73,996,0,0,0,0,0,0,0,0,0,3,0,0,0,1,0,0,0,1
39,1030,1,1,1,0,0,49,12242016,24,15,40,12,0,0,0,2016,7,12,9,39.90318611,39,54,11.47,1,-83.07133889,83,4,16.82,6,4,2,0,0,38,200,2,1,605,600,0,2,1,1,0,4,0,0,0,1,8,8,1,1
39,1030,2,1,1,0,0,49,12242016,24,15,40,12,0,0,0,2016,7,12,9,39.90318611,39,54,11.47,1,-83.07133889,83,4,16.82,6,4,2,0,0,39,0,2,1,1,0,0,2,1,0,0,4,0,0,0,1,0,0,1,1
39,1030,2,2,1,0,0,49,12242016,24,15,40,12,0,0,0,2016,7,12,9,39.90318611,39,54,11.47,1,-83.07133889,83,4,16.82,6,4,2,0,0,41,996,0,0,0,0,0,0,0,0,0,4,0,0,0,2,8,8,1,2
39,1030,2,3,1,0,0,49,12242016,24,15,40,12,0,0,0,2016,7,12,9,39.90318611,39,54,11.47,1,-83.07133889,83,4,16.82,6,4,2,0,0,8,996,0,0,0,0,0,0,0,0,0,4,0,0,0,2,8,8,1,2
39,1038,0,1,10,0,1800,49,12182016,18,2,45,12,0,0,0,2016,1,8,0,39.94345556,39,56,36.44,3,-83.07874444,83,4,43.48,0,1,1,0,0,40,.,.,.,.,.,.,.,.,.,.,4,0,0,0,5,1,1,19,1
39,1038,1,1,10,0,1800,49,12182016,18,2,45,12,0,0,0,2016,1,8,0,39.94345556,39,56,36.44,3,-83.07874444,83,4,43.48,0,1,1,0,0,999,996,0,0,0,0,0,0,0,0,0,9,0,0,0,1,8,8,0,9
39,1057,0,1,10,0,1800,49,12222016,22,16,15,12,0,0,0,2016,5,8,0,40.01020833,40,0,36.75,1,-83.01019722,83,0,36.71,0,1,1,0,0,79,996,0,0,0,0,0,0,0,0,0,4,0,0,0,5,0,0,1,1
39,1057,1,1,10,0,1800,49,12222016,22,16,15,12,0,0,0,2016,5,8,0,40.01020833,40,0,36.75,1,-83.01019722,83,0,36.71,0,1,1,0,0,21,996,0,0,0,0,0,0,0,0,0,0,0,0,0,1,0,0,0,2
39,1065,1,1,1,0,2270,49,12212016,21,2,30,12,0,0,0,2016,4,1,0,40.13711389,40,8,13.61,3,-83.14735,83,8,50.46,0,1,1,0,0,19,232,2,1,605,407,402,2,1,1,1,4,0,0,0,1,8,8,1,1
